{
  "version": 1,
  "examples": 10000,
  "coordinate_system": "one population pixel mean/std, orthonormal FFT, active-only isometric compact Hermitian packing",
  "amplitude_moments": {
    "mean": 0.5095397083928218,
    "std": 1.315903297304852,
    "skew": 12.329899284029079,
    "excess_kurtosis": 244.902702450982
  },
  "amplitude_quantiles": {
    "p0": 0.0,
    "p0.1": 0.003056145738810301,
    "p1": 0.010565553791821003,
    "p5": 0.026609202846884727,
    "p10": 0.04206356033682823,
    "p50": 0.20365771651268005,
    "p90": 1.0767420530319214,
    "p99": 5.504640579223633,
    "p99.9": 20.806224822998047,
    "p100": 62.02155685424805
  },
  "transforms": [
    {
      "name": "log_eps_0p003",
      "description": "current ordinary log with epsilon floor",
      "mean": -1.5423466846185965,
      "std": 1.2477833382010963,
      "standardized_lower_bound": -3.4195009462514414,
      "gaussian_base_below_support_probability": 0.00031368057162345364,
      "standardized_moments": {
        "mean": -4.745443727840438e-13,
        "std": 0.99999999999128,
        "skew": 0.21929283701818716,
        "excess_kurtosis": 0.23583648735410367
      },
      "standardized_quantiles": {
        "p0": -3.4195010662078857,
        "p0.1": -2.8565332889556885,
        "p1": -2.210219383239746,
        "p5": -1.584668755531311,
        "p10": -1.2480809688568115,
        "p50": -0.027524622157216072,
        "p90": 1.2975560426712036,
        "p99": 2.603403091430664,
        "p99.9": 3.6687002182006836,
        "p100": 4.543959617614746
      },
      "standardized_tail_fractions": {
        "abs_gt_3": 0.00456673139706254,
        "abs_gt_4": 0.00017470816965214908,
        "abs_gt_8": 0.0
      },
      "coordinate_metric_sq_moments": {
        "mean": 212.8728052701834,
        "std": 1297.0853840230172,
        "skew": 21.656851117868268,
        "excess_kurtosis": 696.6951144454245,
        "finite_fraction": 1.0
      },
      "coordinate_metric_sq_quantiles": {
        "p0": 0.00016695303202141076,
        "p0.1": 0.00148323446046561,
        "p1": 0.0211733840405941,
        "p5": 0.19545716047286987,
        "p10": 0.5509110689163208,
        "p50": 15.038980484008789,
        "p90": 316.2792053222656,
        "p99": 3490.16845703125,
        "p99.9": 17511.72265625,
        "p100": 71364.0
      },
      "inverse_jacobian_sq_moments": {
        "mean": 3.1050492247517143,
        "std": 44.030491465892986,
        "skew": 43.200017211884784,
        "excess_kurtosis": 2721.7614755711825,
        "finite_fraction": 1.0
      },
      "inverse_jacobian_sq_quantiles": {
        "p0": 1.4012667634233367e-05,
        "p0.1": 5.710458935936913e-05,
        "p1": 0.0002865190035663545,
        "p5": 0.0013649973552674055,
        "p10": 0.0031617630738765,
        "p50": 0.06649386882781982,
        "p90": 1.8151743412017822,
        "p99": 47.22908020019531,
        "p99.9": 674.2021484375,
        "p100": 5989.7080078125
      },
      "base_grid_valid_fraction": 0.8799059987068176,
      "base_grid_amplitude_quantiles_after_clamp": {
        "p0": 0.0,
        "p0.1": 0.0,
        "p1": 0.0,
        "p5": 0.0,
        "p10": 0.0,
        "p50": 0.2108786255121231,
        "p90": 19.09670639038086,
        "p99": 52.4741325378418,
        "p99.9": 58.05532455444336,
        "p100": 58.711021423339844
      },
      "radial": [
        {
          "radius_bin": 0,
          "orbits": 1,
          "scalar_amplitude_fraction": 0.0019455252918287938,
          "physical_energy_share": 0.30013461738004366,
          "zero_x0_target_share": 0.01907378686291914,
          "zero_velocity_target_share": 0.010509657377409687,
          "inverse_jacobian_sq_share": 0.29975398842018336,
          "coordinate_metric_sq_share": 0.00010920913116637053,
          "standardized_mean": 2.9988975524902344,
          "standardized_std": 0.9002997078826582
        },
        {
          "radius_bin": 1,
          "orbits": 4,
          "scalar_amplitude_fraction": 0.007782101167315175,
          "physical_energy_share": 0.32654061732754375,
          "zero_x0_target_share": 0.055273148166462505,
          "zero_velocity_target_share": 0.031527628503737255,
          "inverse_jacobian_sq_share": 0.32620788782590426,
          "coordinate_metric_sq_share": 9.138377963012797e-06,
          "standardized_mean": 2.5802419185638428,
          "standardized_std": 0.6670476778600379
        },
        {
          "radius_bin": 2,
          "orbits": 8,
          "scalar_amplitude_fraction": 0.01556420233463035,
          "physical_energy_share": 0.13635718934126329,
          "zero_x0_target_share": 0.0660358258083122,
          "zero_velocity_target_share": 0.04080002291180434,
          "inverse_jacobian_sq_share": 0.1363011608638789,
          "coordinate_metric_sq_share": 6.297165732930458e-05,
          "standardized_mean": 1.9539140462875366,
          "standardized_std": 0.651936985225148
        },
        {
          "radius_bin": 3,
          "orbits": 10,
          "scalar_amplitude_fraction": 0.019455252918287938,
          "physical_energy_share": 0.06772468765634769,
          "zero_x0_target_share": 0.058229795186135205,
          "zero_velocity_target_share": 0.03884252845930794,
          "inverse_jacobian_sq_share": 0.06774329540646108,
          "coordinate_metric_sq_share": 0.00020496580127326997,
          "standardized_mean": 1.610184907913208,
          "standardized_std": 0.6327054194167681
        },
        {
          "radius_bin": 4,
          "orbits": 12,
          "scalar_amplitude_fraction": 0.023346303501945526,
          "physical_energy_share": 0.042240249587018996,
          "zero_x0_target_share": 0.052356311455492126,
          "zero_velocity_target_share": 0.03785130757790581,
          "inverse_jacobian_sq_share": 0.04228232914632583,
          "coordinate_metric_sq_share": 0.00041047531942201926,
          "standardized_mean": 1.3621584177017212,
          "standardized_std": 0.6221895291107864
        },
        {
          "radius_bin": 5,
          "orbits": 20,
          "scalar_amplitude_fraction": 0.038910505836575876,
          "physical_energy_share": 0.0351662135779283,
          "zero_x0_target_share": 0.06085750659160139,
          "zero_velocity_target_share": 0.04988401344902811,
          "inverse_jacobian_sq_share": 0.035238287037597855,
          "coordinate_metric_sq_share": 0.00125728552585714,
          "standardized_mean": 1.0881048440933228,
          "standardized_std": 0.6164947704374231
        },
        {
          "radius_bin": 6,
          "orbits": 18,
          "scalar_amplitude_fraction": 0.03501945525291829,
          "physical_energy_share": 0.021374050873215207,
          "zero_x0_target_share": 0.04331989829313241,
          "zero_velocity_target_share": 0.03916968071787813,
          "inverse_jacobian_sq_share": 0.02143402909908258,
          "coordinate_metric_sq_share": 0.001586669879243606,
          "standardized_mean": 0.9247775077819824,
          "standardized_std": 0.6179081741602974
        },
        {
          "radius_bin": 7,
          "orbits": 24,
          "scalar_amplitude_fraction": 0.04669260700389105,
          "physical_energy_share": 0.01759093740451412,
          "zero_x0_target_share": 0.0426871527115984,
          "zero_velocity_target_share": 0.04468988616665928,
          "inverse_jacobian_sq_share": 0.017661034827587217,
          "coordinate_metric_sq_share": 0.003147233123023311,
          "standardized_mean": 0.7321287989616394,
          "standardized_std": 0.6149829571101407
        },
        {
          "radius_bin": 8,
          "orbits": 28,
          "scalar_amplitude_fraction": 0.054474708171206226,
          "physical_energy_share": 0.013585231513624481,
          "zero_x0_target_share": 0.03797077817958637,
          "zero_velocity_target_share": 0.046222745377609946,
          "inverse_jacobian_sq_share": 0.013656398274765214,
          "coordinate_metric_sq_share": 0.005350921655899845,
          "standardized_mean": 0.5659363269805908,
          "standardized_std": 0.6138005822437475
        },
        {
          "radius_bin": 9,
          "orbits": 28,
          "scalar_amplitude_fraction": 0.054474708171206226,
          "physical_energy_share": 0.0096999058160349,
          "zero_x0_target_share": 0.03044193828197547,
          "zero_velocity_target_share": 0.04245832798043631,
          "inverse_jacobian_sq_share": 0.009762178711466575,
          "coordinate_metric_sq_share": 0.007482439865714791,
          "standardized_mean": 0.42109495401382446,
          "standardized_std": 0.6176618429308385
        },
        {
          "radius_bin": 10,
          "orbits": 34,
          "scalar_amplitude_fraction": 0.06614785992217899,
          "physical_energy_share": 0.007973776178397111,
          "zero_x0_target_share": 0.029578637835367197,
          "zero_velocity_target_share": 0.047863252941845194,
          "inverse_jacobian_sq_share": 0.008038407876505905,
          "coordinate_metric_sq_share": 0.012551986248759093,
          "standardized_mean": 0.2636500895023346,
          "standardized_std": 0.6145307541448213
        },
        {
          "radius_bin": 11,
          "orbits": 32,
          "scalar_amplitude_fraction": 0.0622568093385214,
          "physical_energy_share": 0.005759560222860255,
          "zero_x0_target_share": 0.025199540356709446,
          "zero_velocity_target_share": 0.04372817647394141,
          "inverse_jacobian_sq_share": 0.005813368084200747,
          "coordinate_metric_sq_share": 0.015484017161637874,
          "standardized_mean": 0.14302010834217072,
          "standardized_std": 0.6199297408327376
        },
        {
          "radius_bin": 12,
          "orbits": 40,
          "scalar_amplitude_fraction": 0.07782101167315175,
          "physical_energy_share": 0.004839901039746161,
          "zero_x0_target_share": 0.029784052867441447,
          "zero_velocity_target_share": 0.05380253267201898,
          "inverse_jacobian_sq_share": 0.004896199440641639,
          "coordinate_metric_sq_share": 0.027902552638727287,
          "standardized_mean": -0.022134436294436455,
          "standardized_std": 0.6182517054109684
        },
        {
          "radius_bin": 13,
          "orbits": 46,
          "scalar_amplitude_fraction": 0.08949416342412451,
          "physical_energy_share": 0.0038728922800088405,
          "zero_x0_target_share": 0.03762005268352447,
          "zero_velocity_target_share": 0.0635571174485809,
          "inverse_jacobian_sq_share": 0.003927038685994487,
          "coordinate_metric_sq_share": 0.0458515272774435,
          "standardized_mean": -0.18569035828113556,
          "standardized_std": 0.6211942741678801
        },
        {
          "radius_bin": 14,
          "orbits": 44,
          "scalar_amplitude_fraction": 0.08560311284046693,
          "physical_energy_share": 0.002892207931352236,
          "zero_x0_target_share": 0.04332613208001738,
          "zero_velocity_target_share": 0.06446462804569572,
          "inverse_jacobian_sq_share": 0.002936756707308668,
          "coordinate_metric_sq_share": 0.060491851827068566,
          "standardized_mean": -0.32723480463027954,
          "standardized_std": 0.6317004394582254
        },
        {
          "radius_bin": 15,
          "orbits": 48,
          "scalar_amplitude_fraction": 0.0933852140077821,
          "physical_energy_share": 0.0024195487606466248,
          "zero_x0_target_share": 0.058726852546896725,
          "zero_velocity_target_share": 0.07605603606070273,
          "inverse_jacobian_sq_share": 0.0024612122926006884,
          "coordinate_metric_sq_share": 0.09113122677817898,
          "standardized_mean": -0.46861425042152405,
          "standardized_std": 0.6397401268975406
        },
        {
          "radius_bin": 16,
          "orbits": 38,
          "scalar_amplitude_fraction": 0.07392996108949416,
          "physical_energy_share": 0.0012757104735604547,
          "zero_x0_target_share": 0.059745797033346495,
          "zero_velocity_target_share": 0.06683787722684029,
          "inverse_jacobian_sq_share": 0.0013033394612578233,
          "coordinate_metric_sq_share": 0.1075335309427877,
          "standardized_mean": -0.6260777115821838,
          "standardized_std": 0.6451102808048795
        },
        {
          "radius_bin": 17,
          "orbits": 30,
          "scalar_amplitude_fraction": 0.058365758754863814,
          "physical_energy_share": 0.0003205139821248481,
          "zero_x0_target_share": 0.06612690070512965,
          "zero_velocity_target_share": 0.06224633185773877,
          "inverse_jacobian_sq_share": 0.0003351950035724833,
          "coordinate_metric_sq_share": 0.12639810560711562,
          "standardized_mean": -0.8977357149124146,
          "standardized_std": 0.5718783958727858
        },
        {
          "radius_bin": 18,
          "orbits": 18,
          "scalar_amplitude_fraction": 0.03501945525291829,
          "physical_energy_share": 0.00012516609601691945,
          "zero_x0_target_share": 0.05087223648688479,
          "zero_velocity_target_share": 0.042945852331118826,
          "inverse_jacobian_sq_share": 0.00013231215384388654,
          "coordinate_metric_sq_share": 0.10610915266816047,
          "standardized_mean": -1.0649335384368896,
          "standardized_std": 0.5644480099004373
        },
        {
          "radius_bin": 19,
          "orbits": 16,
          "scalar_amplitude_fraction": 0.0311284046692607,
          "physical_energy_share": 6.806608981054088e-05,
          "zero_x0_target_share": 0.05874364891416025,
          "zero_velocity_target_share": 0.04493603161063759,
          "inverse_jacobian_sq_share": 7.305689911295688e-05,
          "coordinate_metric_sq_share": 0.1398992736148484,
          "standardized_mean": -1.2560160160064697,
          "standardized_std": 0.5563844561308067
        },
        {
          "radius_bin": 20,
          "orbits": 8,
          "scalar_amplitude_fraction": 0.01556420233463035,
          "physical_energy_share": 2.5431654024904232e-05,
          "zero_x0_target_share": 0.03443030337676373,
          "zero_velocity_target_share": 0.024997255593207236,
          "inverse_jacobian_sq_share": 2.75753817977303e-05,
          "coordinate_metric_sq_share": 0.09104628661045037,
          "standardized_mean": -1.3793895244598389,
          "standardized_std": 0.556265194519963
        },
        {
          "radius_bin": 21,
          "orbits": 6,
          "scalar_amplitude_fraction": 0.011673151750972763,
          "physical_energy_share": 1.2579198223505379e-05,
          "zero_x0_target_share": 0.03089506730576736,
          "zero_velocity_target_share": 0.021284112923742732,
          "inverse_jacobian_sq_share": 1.3891597564864042e-05,
          "coordinate_metric_sq_share": 0.09235864291017006,
          "standardized_mean": -1.5335272550582886,
          "standardized_std": 0.5431127635548304
        },
        {
          "radius_bin": 22,
          "orbits": 1,
          "scalar_amplitude_fraction": 0.0019455252918287938,
          "physical_energy_share": 8.969188832607048e-07,
          "zero_x0_target_share": 0.008704561286993432,
          "zero_velocity_target_share": 0.005325043916993769,
          "inverse_jacobian_sq_share": 1.0272908590581995e-06,
          "coordinate_metric_sq_share": 0.0636204927118548,
          "standardized_mean": -2.0124199390411377,
          "standardized_std": 0.6513912979358258
        }
      ],
      "cumulative_radius_0_2": {
        "scalar_amplitude_fraction": 0.02529182879377432,
        "physical_energy_share": 0.7630324240488506,
        "zero_x0_target_share": 0.14038276083769385,
        "zero_velocity_target_share": 0.08283730879295129,
        "inverse_jacobian_sq_share": 0.7622630371099666,
        "coordinate_metric_sq_share": 0.00018131916645868791
      },
      "cumulative_radius_0_5": {
        "scalar_amplitude_fraction": 0.10700389105058367,
        "physical_energy_share": 0.9081635748701457,
        "zero_x0_target_share": 0.31182637407092256,
        "zero_velocity_target_share": 0.20941515827919313,
        "inverse_jacobian_sq_share": 0.9075269487003512,
        "coordinate_metric_sq_share": 0.002054045813011117
      }
    },
    {
      "name": "log1p_tau_1",
      "description": "linear below amplitude 1, logarithmic above",
      "mean": 0.3081407106648767,
      "std": 0.36409796068665395,
      "standardized_lower_bound": -0.8463126519131081,
      "gaussian_base_below_support_probability": 0.19868917585541046,
      "standardized_moments": {
        "mean": -4.844342960267003e-12,
        "std": 0.9999999999720394,
        "skew": 2.9390779188134033,
        "excess_kurtosis": 12.503470440710965
      },
      "standardized_quantiles": {
        "p0": -0.8463126420974731,
        "p0.1": -0.8379316926002502,
        "p1": -0.8174464106559753,
        "p5": -0.7741855382919312,
        "p10": -0.7331482172012329,
        "p50": -0.3372051417827606,
        "p90": 1.160840392112732,
        "p99": 4.296577453613281,
        "p99.9": 7.618979454040527,
        "p100": 10.53380298614502
      },
      "standardized_tail_fractions": {
        "abs_gt_3": 0.02205389179289341,
        "abs_gt_4": 0.010942152701318264,
        "abs_gt_8": 0.00046822309377603233
      },
      "coordinate_metric_sq_moments": {
        "mean": 4.775159634597757,
        "std": 1.9173427958211173,
        "skew": -0.6736091410278194,
        "excess_kurtosis": -0.5309572201288861,
        "finite_fraction": 1.0
      },
      "coordinate_metric_sq_quantiles": {
        "p0": 0.0018992637051269412,
        "p0.1": 0.015863629058003426,
        "p1": 0.17828579246997833,
        "p5": 0.9555026292800903,
        "p10": 1.7490344047546387,
        "p50": 5.206639766693115,
        "p90": 6.946644306182861,
        "p99": 7.386429786682129,
        "p99.9": 7.497439861297607,
        "p100": 7.543336868286133
      },
      "inverse_jacobian_sq_moments": {
        "mean": 0.531636260647146,
        "std": 4.033512132971354,
        "skew": 40.48869544962759,
        "excess_kurtosis": 2425.3248664818125,
        "finite_fraction": 1.0
      },
      "inverse_jacobian_sq_quantiles": {
        "p0": 0.13256731629371643,
        "p0.1": 0.13337886333465576,
        "p1": 0.13538339734077454,
        "p5": 0.13971619307994843,
        "p10": 0.14395439624786377,
        "p50": 0.19206246733665466,
        "p90": 0.5717439651489258,
        "p99": 5.608968734741211,
        "p99.9": 63.03727722167969,
        "p100": 526.5198364257812
      },
      "base_grid_valid_fraction": 0.5940203070640564,
      "base_grid_amplitude_quantiles_after_clamp": {
        "p0": 0.0,
        "p0.1": 0.0,
        "p1": 0.0,
        "p5": 0.0,
        "p10": 0.0,
        "p50": 0.36089253425598145,
        "p90": 4.047501564025879,
        "p99": 5.7788848876953125,
        "p99.9": 5.981786251068115,
        "p100": 6.004701614379883
      },
      "radial": [
        {
          "radius_bin": 0,
          "orbits": 1,
          "scalar_amplitude_fraction": 0.0019455252918287938,
          "physical_energy_share": 0.30013461738004366,
          "zero_x0_target_share": 0.07417785014123542,
          "zero_velocity_target_share": 0.038061682842951826,
          "inverse_jacobian_sq_share": 0.16291239109466882,
          "coordinate_metric_sq_share": 0.00013749667417111848,
          "standardized_mean": 5.702530860900879,
          "standardized_std": 2.3682386976939123
        },
        {
          "radius_bin": 1,
          "orbits": 4,
          "scalar_amplitude_fraction": 0.007782101167315175,
          "physical_energy_share": 0.32654061732754375,
          "zero_x0_target_share": 0.17360239452674414,
          "zero_velocity_target_share": 0.09069223633643085,
          "inverse_jacobian_sq_share": 0.1921323762346406,
          "coordinate_metric_sq_share": 0.0006280205987237237,
          "standardized_mean": 4.368496417999268,
          "standardized_std": 1.7955914003367472
        },
        {
          "radius_bin": 2,
          "orbits": 8,
          "scalar_amplitude_fraction": 0.01556420233463035,
          "physical_energy_share": 0.13635718934126329,
          "zero_x0_target_share": 0.15026779508870267,
          "zero_velocity_target_share": 0.08291598035564329,
          "inverse_jacobian_sq_share": 0.09703970019630802,
          "coordinate_metric_sq_share": 0.0030191300794508327,
          "standardized_mean": 2.737079620361328,
          "standardized_std": 1.470747887403045
        },
        {
          "radius_bin": 3,
          "orbits": 10,
          "scalar_amplitude_fraction": 0.019455252918287938,
          "physical_energy_share": 0.06772468765634769,
          "zero_x0_target_share": 0.1047276656762429,
          "zero_velocity_target_share": 0.06209145998109857,
          "inverse_jacobian_sq_share": 0.05880910755540093,
          "coordinate_metric_sq_share": 0.005693091195165861,
          "standardized_mean": 1.962280035018921,
          "standardized_std": 1.237925476497027
        },
        {
          "radius_bin": 4,
          "orbits": 12,
          "scalar_amplitude_fraction": 0.023346303501945526,
          "physical_energy_share": 0.042240249587018996,
          "zero_x0_target_share": 0.07750426086279254,
          "zero_velocity_target_share": 0.050425272345961586,
          "inverse_jacobian_sq_share": 0.04451813229621347,
          "coordinate_metric_sq_share": 0.008949283717509115,
          "standardized_mean": 1.4696385860443115,
          "standardized_std": 1.0769994630118
        },
        {
          "radius_bin": 5,
          "orbits": 20,
          "scalar_amplitude_fraction": 0.038910505836575876,
          "physical_energy_share": 0.0351662135779283,
          "zero_x0_target_share": 0.07116290993274384,
          "zero_velocity_target_share": 0.05503671011435084,
          "inverse_jacobian_sq_share": 0.04804405351244738,
          "coordinate_metric_sq_share": 0.019504857267723583,
          "standardized_mean": 0.9956659078598022,
          "standardized_std": 0.91516995321442
        },
        {
          "radius_bin": 6,
          "orbits": 18,
          "scalar_amplitude_fraction": 0.03501945525291829,
          "physical_energy_share": 0.021374050873215207,
          "zero_x0_target_share": 0.04398500609500688,
          "zero_velocity_target_share": 0.03950222668597752,
          "inverse_jacobian_sq_share": 0.03470859776811696,
          "coordinate_metric_sq_share": 0.020277785586780703,
          "standardized_mean": 0.7501586675643921,
          "standardized_std": 0.8326332075557863
        },
        {
          "radius_bin": 7,
          "orbits": 24,
          "scalar_amplitude_fraction": 0.04669260700389105,
          "physical_energy_share": 0.01759093740451412,
          "zero_x0_target_share": 0.03599031929249801,
          "zero_velocity_target_share": 0.04134146132675348,
          "inverse_jacobian_sq_share": 0.03644519278940978,
          "coordinate_metric_sq_share": 0.03148628345241044,
          "standardized_mean": 0.4896687865257263,
          "standardized_std": 0.7287092314898774
        },
        {
          "radius_bin": 8,
          "orbits": 28,
          "scalar_amplitude_fraction": 0.054474708171206226,
          "physical_energy_share": 0.013585231513624481,
          "zero_x0_target_share": 0.027399551874160304,
          "zero_velocity_target_share": 0.040937128506022796,
          "inverse_jacobian_sq_share": 0.03554747438682256,
          "coordinate_metric_sq_share": 0.04131830025575503,
          "standardized_mean": 0.2925708293914795,
          "standardized_std": 0.6460493755905966
        },
        {
          "radius_bin": 9,
          "orbits": 28,
          "scalar_amplitude_fraction": 0.054474708171206226,
          "physical_energy_share": 0.0096999058160349,
          "zero_x0_target_share": 0.01981671658992974,
          "zero_velocity_target_share": 0.03714571338224946,
          "inverse_jacobian_sq_share": 0.031153861765386478,
          "coordinate_metric_sq_share": 0.045303536622729824,
          "standardized_mean": 0.14248062670230865,
          "standardized_std": 0.5860695738469566
        },
        {
          "radius_bin": 10,
          "orbits": 34,
          "scalar_amplitude_fraction": 0.06614785992217899,
          "physical_energy_share": 0.007973776178397111,
          "zero_x0_target_share": 0.017631115361940036,
          "zero_velocity_target_share": 0.04188948334050043,
          "inverse_jacobian_sq_share": 0.03314993853252159,
          "coordinate_metric_sq_share": 0.06019112908132445,
          "standardized_mean": -0.005032176151871681,
          "standardized_std": 0.5162515142365687
        },
        {
          "radius_bin": 11,
          "orbits": 32,
          "scalar_amplitude_fraction": 0.0622568093385214,
          "physical_energy_share": 0.005759560222860255,
          "zero_x0_target_share": 0.014777609178184771,
          "zero_velocity_target_share": 0.038517207294603936,
          "inverse_jacobian_sq_share": 0.028724676914539955,
          "coordinate_metric_sq_share": 0.06023518543869485,
          "standardized_mean": -0.10207615792751312,
          "standardized_std": 0.4763882769964399
        },
        {
          "radius_bin": 12,
          "orbits": 40,
          "scalar_amplitude_fraction": 0.07782101167315175,
          "physical_energy_share": 0.004839901039746161,
          "zero_x0_target_share": 0.017281370689453353,
          "zero_velocity_target_share": 0.04755118855050658,
          "inverse_jacobian_sq_share": 0.03231589932141807,
          "coordinate_metric_sq_share": 0.0811973129967884,
          "standardized_mean": -0.22269098460674286,
          "standardized_std": 0.41530026899577976
        },
        {
          "radius_bin": 13,
          "orbits": 46,
          "scalar_amplitude_fraction": 0.08949416342412451,
          "physical_energy_share": 0.0038728922800088405,
          "zero_x0_target_share": 0.021422798487211316,
          "zero_velocity_target_share": 0.05545847970437875,
          "inverse_jacobian_sq_share": 0.03413465403226781,
          "coordinate_metric_sq_share": 0.09960530583043246,
          "standardized_mean": -0.32334545254707336,
          "standardized_std": 0.367184135710123
        },
        {
          "radius_bin": 14,
          "orbits": 44,
          "scalar_amplitude_fraction": 0.08560311284046693,
          "physical_energy_share": 0.002892207931352236,
          "zero_x0_target_share": 0.02341259879459136,
          "zero_velocity_target_share": 0.05450784747030821,
          "inverse_jacobian_sq_share": 0.03083947601505813,
          "coordinate_metric_sq_share": 0.09995197123679396,
          "standardized_mean": -0.39525845646858215,
          "standardized_std": 0.34245062705534046
        },
        {
          "radius_bin": 15,
          "orbits": 48,
          "scalar_amplitude_fraction": 0.0933852140077821,
          "physical_energy_share": 0.0024195487606466248,
          "zero_x0_target_share": 0.028895093475686997,
          "zero_velocity_target_share": 0.06114015491957491,
          "inverse_jacobian_sq_share": 0.031940803915084366,
          "coordinate_metric_sq_share": 0.11371206590092263,
          "standardized_mean": -0.4588150680065155,
          "standardized_std": 0.31449489964393756
        },
        {
          "radius_bin": 16,
          "orbits": 38,
          "scalar_amplitude_fraction": 0.07392996108949416,
          "physical_energy_share": 0.0012757104735604547,
          "zero_x0_target_share": 0.02557370261502611,
          "zero_velocity_target_share": 0.04975182880986843,
          "inverse_jacobian_sq_share": 0.02391810254444133,
          "coordinate_metric_sq_share": 0.09375378227359052,
          "standardized_mean": -0.5216788649559021,
          "standardized_std": 0.27160471847285556
        },
        {
          "radius_bin": 17,
          "orbits": 30,
          "scalar_amplitude_fraction": 0.058365758754863814,
          "physical_energy_share": 0.0003205139821248481,
          "zero_x0_target_share": 0.024192872029369133,
          "zero_velocity_target_share": 0.0412793099040655,
          "inverse_jacobian_sq_share": 0.01718467894129557,
          "coordinate_metric_sq_share": 0.07900178126751933,
          "standardized_mean": -0.6265738606452942,
          "standardized_std": 0.14801926129013548
        },
        {
          "radius_bin": 18,
          "orbits": 18,
          "scalar_amplitude_fraction": 0.03501945525291829,
          "physical_energy_share": 0.00012516609601691945,
          "zero_x0_target_share": 0.016158721459709563,
          "zero_velocity_target_share": 0.025589085159592403,
          "inverse_jacobian_sq_share": 0.009984765711198487,
          "coordinate_metric_sq_share": 0.04877221084144926,
          "standardized_mean": -0.668056070804596,
          "standardized_std": 0.12297260984912312
        },
        {
          "radius_bin": 19,
          "orbits": 16,
          "scalar_amplitude_fraction": 0.0311284046692607,
          "physical_energy_share": 6.806608981054088e-05,
          "zero_x0_target_share": 0.015847492110732303,
          "zero_velocity_target_share": 0.02348794837951048,
          "inverse_jacobian_sq_share": 0.008617247926616198,
          "coordinate_metric_sq_share": 0.04452715536629249,
          "standardized_mean": -0.7065522074699402,
          "standardized_std": 0.09942141576001622
        },
        {
          "radius_bin": 20,
          "orbits": 8,
          "scalar_amplitude_fraction": 0.01556420233463035,
          "physical_energy_share": 2.5431654024904232e-05,
          "zero_x0_target_share": 0.008339161330360657,
          "zero_velocity_target_share": 0.011951681293665285,
          "inverse_jacobian_sq_share": 0.004243865027377364,
          "coordinate_metric_sq_share": 0.022579124212852505,
          "standardized_mean": -0.7265802025794983,
          "standardized_std": 0.08872614358822675
        },
        {
          "radius_bin": 21,
          "orbits": 6,
          "scalar_amplitude_fraction": 0.011673151750972763,
          "physical_energy_share": 1.2579198223505379e-05,
          "zero_x0_target_share": 0.00661310941881384,
          "zero_velocity_target_share": 0.009143130284167945,
          "inverse_jacobian_sq_share": 0.0031290527107109187,
          "coordinate_metric_sq_share": 0.017203289464392032,
          "standardized_mean": -0.7490686774253845,
          "standardized_std": 0.07361544851986944
        },
        {
          "radius_bin": 22,
          "orbits": 1,
          "scalar_amplitude_fraction": 0.0019455252918287938,
          "physical_energy_share": 8.969188832607048e-07,
          "zero_x0_target_share": 0.0012199588126999878,
          "zero_velocity_target_share": 0.0015827419733954622,
          "inverse_jacobian_sq_share": 0.00050596027845277,
          "coordinate_metric_sq_share": 0.0029519283042539644,
          "standardized_mean": -0.7898127436637878,
          "standardized_std": 0.057049023394729594
        }
      ],
      "cumulative_radius_0_2": {
        "scalar_amplitude_fraction": 0.02529182879377432,
        "physical_energy_share": 0.7630324240488506,
        "zero_x0_target_share": 0.39804803975668224,
        "zero_velocity_target_share": 0.21166989953502596,
        "inverse_jacobian_sq_share": 0.45208446752561743,
        "coordinate_metric_sq_share": 0.0037846473523456747
      },
      "cumulative_radius_0_5": {
        "scalar_amplitude_fraction": 0.10700389105058367,
        "physical_energy_share": 0.9081635748701457,
        "zero_x0_target_share": 0.6514428762284615,
        "zero_velocity_target_share": 0.379223341976437,
        "inverse_jacobian_sq_share": 0.6034557608896792,
        "coordinate_metric_sq_share": 0.03793187953274423
      }
    },
    {
      "name": "log1p_tau_0p2",
      "description": "linear below amplitude 0.2, logarithmic above",
      "mean": 0.8866552846536284,
      "std": 0.704841526640603,
      "standardized_lower_bound": -1.257949838568084,
      "gaussian_base_below_support_probability": 0.10420494889695475,
      "standardized_moments": {
        "mean": 1.6114236025958673e-12,
        "std": 0.9999999999953374,
        "skew": 1.53480761869134,
        "excess_kurtosis": 3.128423472560507
      },
      "standardized_quantiles": {
        "p0": -1.2579498291015625,
        "p0.1": -1.2364341020584106,
        "p1": -1.1849125623703003,
        "p5": -1.080733299255371,
        "p10": -0.9871329665184021,
        "p50": -0.2616267204284668,
        "p90": 1.3720732927322388,
        "p99": 3.4959099292755127,
        "p99.9": 5.345317363739014,
        "p100": 6.885922431945801
      },
      "standardized_tail_fractions": {
        "abs_gt_3": 0.015724902972579002,
        "abs_gt_4": 0.004974967800080776,
        "abs_gt_8": 0.0
      },
      "coordinate_metric_sq_moments": {
        "mean": 15.303886653129755,
        "std": 12.449011830914504,
        "skew": 0.6767760854071241,
        "excess_kurtosis": -0.5726514453469393,
        "finite_fraction": 1.0
      },
      "coordinate_metric_sq_quantiles": {
        "p0": 0.0005199185106903315,
        "p0.1": 0.00456163939088583,
        "p1": 0.061852920800447464,
        "p5": 0.4983541965484619,
        "p10": 1.2348395586013794,
        "p50": 12.353514671325684,
        "p90": 34.35248565673828,
        "p99": 45.39857864379883,
        "p99.9": 48.81852722167969,
        "p100": 50.3218994140625
      },
      "inverse_jacobian_sq_moments": {
        "mean": 1.1103755172087042,
        "std": 14.25699045255202,
        "skew": 42.6433161851333,
        "excess_kurtosis": 2659.555120606235,
        "finite_fraction": 1.0
      },
      "inverse_jacobian_sq_quantiles": {
        "p0": 0.019872063770890236,
        "p0.1": 0.02048402652144432,
        "p1": 0.022027121856808662,
        "p5": 0.025511622428894043,
        "p10": 0.029109977185726166,
        "p50": 0.08094862103462219,
        "p90": 0.8098216652870178,
        "p99": 16.167377471923828,
        "p99.9": 219.2194366455078,
        "p100": 1923.37841796875
      },
      "base_grid_valid_fraction": 0.6397680044174194,
      "base_grid_amplitude_quantiles_after_clamp": {
        "p0": 0.0,
        "p0.1": 0.0,
        "p1": 0.0,
        "p5": 0.0,
        "p10": 0.0,
        "p50": 0.2853997051715851,
        "p90": 5.93890905380249,
        "p99": 10.665240287780762,
        "p99.9": 11.303609848022461,
        "p100": 11.376812934875488
      },
      "radial": [
        {
          "radius_bin": 0,
          "orbits": 1,
          "scalar_amplitude_fraction": 0.0019455252918287938,
          "physical_energy_share": 0.30013461738004366,
          "zero_x0_target_share": 0.03872816399015331,
          "zero_velocity_target_share": 0.020336845411802855,
          "inverse_jacobian_sq_share": 0.27223792327877777,
          "coordinate_metric_sq_share": 6.0130321309698725e-05,
          "standardized_mean": 4.218489170074463,
          "standardized_std": 1.4527986152789407
        },
        {
          "radius_bin": 1,
          "orbits": 4,
          "scalar_amplitude_fraction": 0.007782101167315175,
          "physical_energy_share": 0.32654061732754375,
          "zero_x0_target_share": 0.10372987054019912,
          "zero_velocity_target_share": 0.055755982490272374,
          "inverse_jacobian_sq_share": 0.30112624175110486,
          "coordinate_metric_sq_share": 0.00013548188868551896,
          "standardized_mean": 3.478853702545166,
          "standardized_std": 1.1076388342533317
        },
        {
          "radius_bin": 2,
          "orbits": 8,
          "scalar_amplitude_fraction": 0.01556420233463035,
          "physical_energy_share": 0.13635718934126329,
          "zero_x0_target_share": 0.10932161052669329,
          "zero_velocity_target_share": 0.06244289883268483,
          "inverse_jacobian_sq_share": 0.13089503614941955,
          "coordinate_metric_sq_share": 0.000837706171608464,
          "standardized_mean": 2.445571184158325,
          "standardized_std": 1.021319840708291
        },
        {
          "radius_bin": 3,
          "orbits": 10,
          "scalar_amplitude_fraction": 0.019455252918287938,
          "physical_energy_share": 0.06772468765634769,
          "zero_x0_target_share": 0.08770931989035798,
          "zero_velocity_target_share": 0.053582283560311285,
          "inverse_jacobian_sq_share": 0.0679807297516235,
          "coordinate_metric_sq_share": 0.001848122715033323,
          "standardized_mean": 1.9034099578857422,
          "standardized_std": 0.9408980463866645
        },
        {
          "radius_bin": 4,
          "orbits": 12,
          "scalar_amplitude_fraction": 0.023346303501945526,
          "physical_energy_share": 0.042240249587018996,
          "zero_x0_target_share": 0.07271050244555788,
          "zero_velocity_target_share": 0.04802839656290532,
          "inverse_jacobian_sq_share": 0.04441024378591507,
          "coordinate_metric_sq_share": 0.003294024426523452,
          "standardized_mean": 1.5284329652786255,
          "standardized_std": 0.8822273259725015
        },
        {
          "radius_bin": 5,
          "orbits": 20,
          "scalar_amplitude_fraction": 0.038910505836575876,
          "physical_energy_share": 0.0351662135779283,
          "zero_x0_target_share": 0.07621600688819759,
          "zero_velocity_target_share": 0.05756325389105058,
          "inverse_jacobian_sq_share": 0.039519475393923253,
          "coordinate_metric_sq_share": 0.008387235521527012,
          "standardized_mean": 1.1347236633300781,
          "standardized_std": 0.8192396908385468
        },
        {
          "radius_bin": 6,
          "orbits": 18,
          "scalar_amplitude_fraction": 0.03501945525291829,
          "physical_energy_share": 0.021374050873215207,
          "zero_x0_target_share": 0.05082160267974077,
          "zero_velocity_target_share": 0.04292052934500649,
          "inverse_jacobian_sq_share": 0.025182415274159136,
          "coordinate_metric_sq_share": 0.009643040761547756,
          "standardized_mean": 0.9125876426696777,
          "standardized_std": 0.786398704572737
        },
        {
          "radius_bin": 7,
          "orbits": 24,
          "scalar_amplitude_fraction": 0.04669260700389105,
          "physical_energy_share": 0.01759093740451412,
          "zero_x0_target_share": 0.0458316501836349,
          "zero_velocity_target_share": 0.0462621271076524,
          "inverse_jacobian_sq_share": 0.022273621159105923,
          "coordinate_metric_sq_share": 0.016851272230053574,
          "standardized_mean": 0.6623243093490601,
          "standardized_std": 0.736809077000803
        },
        {
          "radius_bin": 8,
          "orbits": 28,
          "scalar_amplitude_fraction": 0.054474708171206226,
          "physical_energy_share": 0.013585231513624481,
          "zero_x0_target_share": 0.03767274076995725,
          "zero_velocity_target_share": 0.04607372730220493,
          "inverse_jacobian_sq_share": 0.01853938451371599,
          "coordinate_metric_sq_share": 0.024543238034320826,
          "standardized_mean": 0.458714097738266,
          "standardized_std": 0.6936463491886501
        },
        {
          "radius_bin": 9,
          "orbits": 28,
          "scalar_amplitude_fraction": 0.054474708171206226,
          "physical_energy_share": 0.0096999058160349,
          "zero_x0_target_share": 0.028439568964952592,
          "zero_velocity_target_share": 0.04145713359273671,
          "inverse_jacobian_sq_share": 0.014193518466603473,
          "coordinate_metric_sq_share": 0.0295671179319771,
          "standardized_mean": 0.2923341989517212,
          "standardized_std": 0.6607646095991756
        },
        {
          "radius_bin": 10,
          "orbits": 34,
          "scalar_amplitude_fraction": 0.06614785992217899,
          "physical_energy_share": 0.007973776178397111,
          "zero_x0_target_share": 0.026043540923705637,
          "zero_velocity_target_share": 0.04609569957846952,
          "inverse_jacobian_sq_share": 0.012843916288351997,
          "coordinate_metric_sq_share": 0.04328402858719513,
          "standardized_mean": 0.12032965570688248,
          "standardized_std": 0.6158228736468242
        },
        {
          "radius_bin": 11,
          "orbits": 32,
          "scalar_amplitude_fraction": 0.0622568093385214,
          "physical_energy_share": 0.005759560222860255,
          "zero_x0_target_share": 0.021638405261893985,
          "zero_velocity_target_share": 0.04194760862516213,
          "inverse_jacobian_sq_share": 0.009956290127491023,
          "coordinate_metric_sq_share": 0.04679000870628155,
          "standardized_mean": -0.001264088205061853,
          "standardized_std": 0.5895466843676204
        },
        {
          "radius_bin": 12,
          "orbits": 40,
          "scalar_amplitude_fraction": 0.07782101167315175,
          "physical_energy_share": 0.004839901039746161,
          "zero_x0_target_share": 0.02490958738064769,
          "zero_velocity_target_share": 0.051365296692607004,
          "inverse_jacobian_sq_share": 0.009475364356012357,
          "coordinate_metric_sq_share": 0.06959596524430167,
          "standardized_mean": -0.15890870988368988,
          "standardized_std": 0.5429881973783657
        },
        {
          "radius_bin": 13,
          "orbits": 46,
          "scalar_amplitude_fraction": 0.08949416342412451,
          "physical_energy_share": 0.0038728922800088405,
          "zero_x0_target_share": 0.030710155201696187,
          "zero_velocity_target_share": 0.060102160343709465,
          "inverse_jacobian_sq_share": 0.008603178208257335,
          "coordinate_metric_sq_share": 0.09395596354521737,
          "standardized_mean": -0.3003813326358795,
          "standardized_std": 0.5029151140569247
        },
        {
          "radius_bin": 14,
          "orbits": 44,
          "scalar_amplitude_fraction": 0.08560311284046693,
          "physical_energy_share": 0.002892207931352236,
          "zero_x0_target_share": 0.03410646297707283,
          "zero_velocity_target_share": 0.05985478680285344,
          "inverse_jacobian_sq_share": 0.007000265083089057,
          "coordinate_metric_sq_share": 0.1023062662513922,
          "standardized_mean": -0.4097028076648712,
          "standardized_std": 0.4801760991463288
        },
        {
          "radius_bin": 15,
          "orbits": 48,
          "scalar_amplitude_fraction": 0.0933852140077821,
          "physical_energy_share": 0.0024195487606466248,
          "zero_x0_target_share": 0.043447056157396635,
          "zero_velocity_target_share": 0.06841613164721141,
          "inverse_jacobian_sq_share": 0.0065015099916832094,
          "coordinate_metric_sq_share": 0.12551479339006033,
          "standardized_mean": -0.5099655389785767,
          "standardized_std": 0.4529687100061799
        },
        {
          "radius_bin": 16,
          "orbits": 38,
          "scalar_amplitude_fraction": 0.07392996108949416,
          "physical_energy_share": 0.0012757104735604547,
          "zero_x0_target_share": 0.040321679009188004,
          "zero_velocity_target_share": 0.057125818741893646,
          "inverse_jacobian_sq_share": 0.0042000009928752444,
          "coordinate_metric_sq_share": 0.11173038718714152,
          "standardized_mean": -0.6118583083152771,
          "standardized_std": 0.4135615199260127
        },
        {
          "radius_bin": 17,
          "orbits": 30,
          "scalar_amplitude_fraction": 0.058365758754863814,
          "physical_energy_share": 0.0003205139821248481,
          "zero_x0_target_share": 0.04020687679681432,
          "zero_velocity_target_share": 0.049286316472114136,
          "inverse_jacobian_sq_share": 0.002217060305198169,
          "coordinate_metric_sq_share": 0.10507747376945378,
          "standardized_mean": -0.7838460206985474,
          "standardized_std": 0.2728793444190926
        },
        {
          "radius_bin": 18,
          "orbits": 18,
          "scalar_amplitude_fraction": 0.03501945525291829,
          "physical_energy_share": 0.00012516609601691945,
          "zero_x0_target_share": 0.028035775164447156,
          "zero_velocity_target_share": 0.031527614299610894,
          "inverse_jacobian_sq_share": 0.0011653796749457861,
          "coordinate_metric_sq_share": 0.06934134413840662,
          "standardized_mean": -0.8629147410392761,
          "standardized_std": 0.2365485646360104
        },
        {
          "radius_bin": 19,
          "orbits": 16,
          "scalar_amplitude_fraction": 0.0311284046692607,
          "physical_energy_share": 6.806608981054088e-05,
          "zero_x0_target_share": 0.028742270427514295,
          "zero_velocity_target_share": 0.029935337629701686,
          "inverse_jacobian_sq_share": 0.0009124874261658546,
          "coordinate_metric_sq_share": 0.06773999023399428,
          "standardized_mean": -0.9399104118347168,
          "standardized_std": 0.19978425872974895
        },
        {
          "radius_bin": 20,
          "orbits": 8,
          "scalar_amplitude_fraction": 0.01556420233463035,
          "physical_energy_share": 2.5431654024904232e-05,
          "zero_x0_target_share": 0.015517996102010123,
          "zero_velocity_target_share": 0.015541099221789883,
          "inverse_jacobian_sq_share": 0.00042687404358189384,
          "coordinate_metric_sq_share": 0.03570969585238334,
          "standardized_mean": -0.9817930459976196,
          "standardized_std": 0.18197146041243908
        },
        {
          "radius_bin": 21,
          "orbits": 6,
          "scalar_amplitude_fraction": 0.011673151750972763,
          "physical_energy_share": 1.2579198223505379e-05,
          "zero_x0_target_share": 0.012658056511547115,
          "zero_velocity_target_share": 0.012165602707522698,
          "inverse_jacobian_sq_share": 0.00029620366507667915,
          "coordinate_metric_sq_share": 0.028428308541234425,
          "standardized_mean": -1.029658555984497,
          "standardized_std": 0.15548809718626203
        },
        {
          "radius_bin": 22,
          "orbits": 1,
          "scalar_amplitude_fraction": 0.0019455252918287938,
          "physical_energy_share": 8.969188832607048e-07,
          "zero_x0_target_share": 0.0024811690973520813,
          "zero_velocity_target_share": 0.002213347114137484,
          "inverse_jacobian_sq_share": 4.293258958969759e-05,
          "coordinate_metric_sq_share": 0.005358385531076733,
          "standardized_mean": -1.1222268342971802,
          "standardized_std": 0.12620645871887817
        }
      ],
      "cumulative_radius_0_2": {
        "scalar_amplitude_fraction": 0.02529182879377432,
        "physical_energy_share": 0.7630324240488506,
        "zero_x0_target_share": 0.2517796450570457,
        "zero_velocity_target_share": 0.13853572673476006,
        "inverse_jacobian_sq_share": 0.7042592011793022,
        "coordinate_metric_sq_share": 0.0010333183816036817
      },
      "cumulative_radius_0_5": {
        "scalar_amplitude_fraction": 0.10700389105058367,
        "physical_energy_share": 0.9081635748701457,
        "zero_x0_target_share": 0.48841547428115917,
        "zero_velocity_target_share": 0.29770966074902727,
        "inverse_jacobian_sq_share": 0.8561696501107641,
        "coordinate_metric_sq_share": 0.01456270104468747
      }
    },
    {
      "name": "inverse_softplus_tau_0p1_eps_0p003",
      "description": "inverse-softplus amplitude with transition 0.1; logarithmic below the transition and linear above",
      "mean": 4.779252873194481,
      "std": 13.283128396134966,
      "standardized_lower_bound": -0.6226525125814699,
      "gaussian_base_below_support_probability": 0.26675644748546024,
      "standardized_moments": {
        "mean": 3.076995869110376e-12,
        "std": 1.0000000000623859,
        "skew": 12.054635828170614,
        "excess_kurtosis": 237.02603753336726
      },
      "standardized_quantiles": {
        "p0": -0.622652530670166,
        "p0.1": -0.5686097145080566,
        "p1": -0.505023717880249,
        "p5": -0.4400048851966858,
        "p10": -0.4022082984447479,
        "p50": -0.21441173553466797,
        "p90": 0.45306703448295593,
        "p99": 3.78654408454895,
        "p99.9": 15.306108474731445,
        "p100": 46.33443832397461
      },
      "standardized_tail_fractions": {
        "abs_gt_3": 0.012416926212608814,
        "abs_gt_4": 0.008271919563412666,
        "abs_gt_8": 0.002796757500618696
      },
      "coordinate_metric_sq_moments": {
        "mean": 2.785852176120653,
        "std": 12.148629528939463,
        "skew": 20.485833842561018,
        "excess_kurtosis": 633.0373411725127,
        "finite_fraction": 1.0
      },
      "coordinate_metric_sq_quantiles": {
        "p0": 0.5667600631713867,
        "p0.1": 0.5667600631713867,
        "p1": 0.5667600631713867,
        "p5": 0.5667600631713867,
        "p10": 0.5667831897735596,
        "p50": 0.7430039644241333,
        "p90": 4.306453227996826,
        "p99": 35.218631744384766,
        "p99.9": 164.12510681152344,
        "p100": 648.8621215820312
      },
      "inverse_jacobian_sq_moments": {
        "mean": 1.1601019846664917,
        "std": 0.5883504439060002,
        "skew": -0.5323978892739765,
        "excess_kurtosis": -1.1868567263955587,
        "finite_fraction": 1.0
      },
      "inverse_jacobian_sq_quantiles": {
        "p0": 0.0015411594649776816,
        "p0.1": 0.006092911120504141,
        "p1": 0.028394049033522606,
        "p5": 0.11588671058416367,
        "p10": 0.23220963776111603,
        "p50": 1.3458876609802246,
        "p90": 1.7643429040908813,
        "p99": 1.7644151449203491,
        "p99.9": 1.7644151449203491,
        "p100": 1.7644151449203491
      },
      "base_grid_valid_fraction": 0.5691715478897095,
      "base_grid_amplitude_quantiles_after_clamp": {
        "p0": 0.0,
        "p0.1": 0.0,
        "p1": 0.0,
        "p5": 0.0,
        "p10": 0.0,
        "p50": 0.47576212882995605,
        "p90": 5.256852149963379,
        "p99": 6.332785129547119,
        "p99.9": 6.440378665924072,
        "p100": 6.452333450317383
      },
      "radial": [
        {
          "radius_bin": 0,
          "orbits": 1,
          "scalar_amplitude_fraction": 0.0019455252918287938,
          "physical_energy_share": 0.30013461738004366,
          "zero_x0_target_share": 0.3244998378728923,
          "zero_velocity_target_share": 0.16322268158236056,
          "inverse_jacobian_sq_share": 0.0029384079437193406,
          "coordinate_metric_sq_share": 0.0004754424447027597,
          "standardized_mean": 10.040656089782715,
          "standardized_std": 8.12269216660919
        },
        {
          "radius_bin": 1,
          "orbits": 4,
          "scalar_amplitude_fraction": 0.007782101167315175,
          "physical_energy_share": 0.32654061732754375,
          "zero_x0_target_share": 0.3392285343709468,
          "zero_velocity_target_share": 0.173505317769131,
          "inverse_jacobian_sq_share": 0.011822164629616317,
          "coordinate_metric_sq_share": 0.0015882894571747556,
          "standardized_mean": 5.0844855308532715,
          "standardized_std": 4.211753726338532
        },
        {
          "radius_bin": 2,
          "orbits": 8,
          "scalar_amplitude_fraction": 0.01556420233463035,
          "physical_energy_share": 0.13635718934126329,
          "zero_x0_target_share": 0.12840183203631647,
          "zero_velocity_target_share": 0.07198301718547341,
          "inverse_jacobian_sq_share": 0.023548226739853722,
          "coordinate_metric_sq_share": 0.003205834342462284,
          "standardized_mean": 2.110895872116089,
          "standardized_std": 1.9478028980708213
        },
        {
          "radius_bin": 3,
          "orbits": 10,
          "scalar_amplitude_fraction": 0.019455252918287938,
          "physical_energy_share": 0.06772468765634769,
          "zero_x0_target_share": 0.05697750081063554,
          "zero_velocity_target_share": 0.03821637483787289,
          "inverse_jacobian_sq_share": 0.029254238929397845,
          "coordinate_metric_sq_share": 0.0040996140052665594,
          "standardized_mean": 1.2193443775177002,
          "standardized_std": 1.2007677088945095
        },
        {
          "radius_bin": 4,
          "orbits": 12,
          "scalar_amplitude_fraction": 0.023346303501945526,
          "physical_energy_share": 0.042240249587018996,
          "zero_x0_target_share": 0.0315352849383917,
          "zero_velocity_target_share": 0.027440795233463034,
          "inverse_jacobian_sq_share": 0.03481373639691574,
          "coordinate_metric_sq_share": 0.00504587281099329,
          "standardized_mean": 0.7874019742012024,
          "standardized_std": 0.8548446689507118
        },
        {
          "radius_bin": 5,
          "orbits": 20,
          "scalar_amplitude_fraction": 0.038910505836575876,
          "physical_energy_share": 0.0351662135779283,
          "zero_x0_target_share": 0.02215906290531777,
          "zero_velocity_target_share": 0.030534782344357976,
          "inverse_jacobian_sq_share": 0.05704725418857659,
          "coordinate_metric_sq_share": 0.008868531041132421,
          "standardized_mean": 0.4506262540817261,
          "standardized_std": 0.6053295969038379
        },
        {
          "radius_bin": 6,
          "orbits": 18,
          "scalar_amplitude_fraction": 0.03501945525291829,
          "physical_energy_share": 0.021374050873215207,
          "zero_x0_target_share": 0.012063698727302206,
          "zero_velocity_target_share": 0.02354157749675746,
          "inverse_jacobian_sq_share": 0.050509812746250805,
          "coordinate_metric_sq_share": 0.008360101584483763,
          "standardized_mean": 0.30197593569755554,
          "standardized_std": 0.50328538175432
        },
        {
          "radius_bin": 7,
          "orbits": 24,
          "scalar_amplitude_fraction": 0.04669260700389105,
          "physical_energy_share": 0.01759093740451412,
          "zero_x0_target_share": 0.008579369325551232,
          "zero_velocity_target_share": 0.027635986138132295,
          "inverse_jacobian_sq_share": 0.06554390619502488,
          "coordinate_metric_sq_share": 0.012026336461516686,
          "standardized_mean": 0.15776470303535461,
          "standardized_std": 0.39856216601626265
        },
        {
          "radius_bin": 8,
          "orbits": 28,
          "scalar_amplitude_fraction": 0.054474708171206226,
          "physical_energy_share": 0.013585231513624481,
          "zero_x0_target_share": 0.00604136673151751,
          "zero_velocity_target_share": 0.030258037451361866,
          "inverse_jacobian_sq_share": 0.07398136255732227,
          "coordinate_metric_sq_share": 0.015458336592342631,
          "standardized_mean": 0.058297473937273026,
          "standardized_std": 0.32787747079183094
        },
        {
          "radius_bin": 9,
          "orbits": 28,
          "scalar_amplitude_fraction": 0.054474708171206226,
          "physical_energy_share": 0.0096999058160349,
          "zero_x0_target_share": 0.004384092290856031,
          "zero_velocity_target_share": 0.02942939769779507,
          "inverse_jacobian_sq_share": 0.07115155711621154,
          "coordinate_metric_sq_share": 0.017282684895236818,
          "standardized_mean": -0.012048699893057346,
          "standardized_std": 0.2834329580180911
        },
        {
          "radius_bin": 10,
          "orbits": 34,
          "scalar_amplitude_fraction": 0.06614785992217899,
          "physical_energy_share": 0.007973776178397111,
          "zero_x0_target_share": 0.004153629620622568,
          "zero_velocity_target_share": 0.03515074173151751,
          "inverse_jacobian_sq_share": 0.08195145877520729,
          "coordinate_metric_sq_share": 0.02397659105997881,
          "standardized_mean": -0.07846380025148392,
          "standardized_std": 0.2379843241787817
        },
        {
          "radius_bin": 11,
          "orbits": 32,
          "scalar_amplitude_fraction": 0.0622568093385214,
          "physical_energy_share": 0.005759560222860255,
          "zero_x0_target_share": 0.003786734962710765,
          "zero_velocity_target_share": 0.03302176961738003,
          "inverse_jacobian_sq_share": 0.07324303638695419,
          "coordinate_metric_sq_share": 0.025719577613772016,
          "standardized_mean": -0.12020089477300644,
          "standardized_std": 0.2153512819210417
        },
        {
          "radius_bin": 12,
          "orbits": 40,
          "scalar_amplitude_fraction": 0.07782101167315175,
          "physical_energy_share": 0.004839901039746161,
          "zero_x0_target_share": 0.004907411742055771,
          "zero_velocity_target_share": 0.04136421044098573,
          "inverse_jacobian_sq_share": 0.08417018963960303,
          "coordinate_metric_sq_share": 0.03934457598426737,
          "standardized_mean": -0.1714591085910797,
          "standardized_std": 0.1834720850563198
        },
        {
          "radius_bin": 13,
          "orbits": 46,
          "scalar_amplitude_fraction": 0.08949416342412451,
          "physical_energy_share": 0.0038728922800088405,
          "zero_x0_target_share": 0.006431246960116732,
          "zero_velocity_target_share": 0.04796270265888457,
          "inverse_jacobian_sq_share": 0.08725880264349027,
          "coordinate_metric_sq_share": 0.05673806574073557,
          "standardized_mean": -0.21372690796852112,
          "standardized_std": 0.1618116319705334
        },
        {
          "radius_bin": 14,
          "orbits": 44,
          "scalar_amplitude_fraction": 0.08560311284046693,
          "physical_energy_share": 0.002892207931352236,
          "zero_x0_target_share": 0.007107555123216602,
          "zero_velocity_target_share": 0.046355333981841766,
          "inverse_jacobian_sq_share": 0.07488636448758311,
          "coordinate_metric_sq_share": 0.06791618829065893,
          "standardized_mean": -0.24417737126350403,
          "standardized_std": 0.1529920629255463
        },
        {
          "radius_bin": 15,
          "orbits": 48,
          "scalar_amplitude_fraction": 0.0933852140077821,
          "physical_energy_share": 0.0024195487606466248,
          "zero_x0_target_share": 0.0088170942769131,
          "zero_velocity_target_share": 0.05110115515564202,
          "inverse_jacobian_sq_share": 0.072324359679428,
          "coordinate_metric_sq_share": 0.09432409776655437,
          "standardized_mean": -0.2721223831176758,
          "standardized_std": 0.14270875209296466
        },
        {
          "radius_bin": 16,
          "orbits": 38,
          "scalar_amplitude_fraction": 0.07392996108949416,
          "physical_energy_share": 0.0012757104735604547,
          "zero_x0_target_share": 0.007850917031452659,
          "zero_velocity_target_share": 0.0408904385538262,
          "inverse_jacobian_sq_share": 0.04924840712952157,
          "coordinate_metric_sq_share": 0.10218837818661274,
          "standardized_mean": -0.30141663551330566,
          "standardized_std": 0.12386284972513636
        },
        {
          "radius_bin": 17,
          "orbits": 30,
          "scalar_amplitude_fraction": 0.058365758754863814,
          "physical_energy_share": 0.0003205139821248481,
          "zero_x0_target_share": 0.007530236705577172,
          "zero_velocity_target_share": 0.032947997730220495,
          "inverse_jacobian_sq_share": 0.028186472560948,
          "coordinate_metric_sq_share": 0.11368177496820138,
          "standardized_mean": -0.35032546520233154,
          "standardized_std": 0.07931038715857447
        },
        {
          "radius_bin": 18,
          "orbits": 18,
          "scalar_amplitude_fraction": 0.03501945525291829,
          "physical_energy_share": 0.00012516609601691945,
          "zero_x0_target_share": 0.005073085886835279,
          "zero_velocity_target_share": 0.02004627310311284,
          "inverse_jacobian_sq_share": 0.01338725930854736,
          "coordinate_metric_sq_share": 0.09145705417218371,
          "standardized_mean": -0.37350979447364807,
          "standardized_std": 0.07317935290296305
        },
        {
          "radius_bin": 19,
          "orbits": 16,
          "scalar_amplitude_fraction": 0.0311284046692607,
          "physical_energy_share": 6.806608981054088e-05,
          "zero_x0_target_share": 0.005075204685473411,
          "zero_velocity_target_share": 0.018101803664072633,
          "inverse_jacobian_sq_share": 0.008861046912717439,
          "coordinate_metric_sq_share": 0.11564859871911623,
          "standardized_mean": -0.3980618715286255,
          "standardized_std": 0.06773260130389117
        },
        {
          "radius_bin": 20,
          "orbits": 8,
          "scalar_amplitude_fraction": 0.01556420233463035,
          "physical_energy_share": 2.5431654024904232e-05,
          "zero_x0_target_share": 0.0027211451746919583,
          "zero_velocity_target_share": 0.009142672868028534,
          "inverse_jacobian_sq_share": 0.003633884920998499,
          "coordinate_metric_sq_share": 0.07350009916699722,
          "standardized_mean": -0.41293615102767944,
          "standardized_std": 0.06570626674417802
        },
        {
          "radius_bin": 21,
          "orbits": 6,
          "scalar_amplitude_fraction": 0.011673151750972763,
          "physical_energy_share": 1.2579198223505379e-05,
          "zero_x0_target_share": 0.0022134856821498052,
          "zero_velocity_target_share": 0.006943318336575875,
          "inverse_jacobian_sq_share": 0.0020653831210009138,
          "coordinate_metric_sq_share": 0.0728801017462703,
          "standardized_mean": -0.43104514479637146,
          "standardized_std": 0.06182251944513261
        },
        {
          "radius_bin": 22,
          "orbits": 1,
          "scalar_amplitude_fraction": 0.0019455252918287938,
          "physical_energy_share": 8.969188832607048e-07,
          "zero_x0_target_share": 0.000461690472752513,
          "zero_velocity_target_share": 0.0012036078347924773,
          "inverse_jacobian_sq_share": 0.00017260897473762735,
          "coordinate_metric_sq_share": 0.04621384885739134,
          "standardized_mean": -0.48224157094955444,
          "standardized_std": 0.06893431960127411
        }
      ],
      "cumulative_radius_0_2": {
        "scalar_amplitude_fraction": 0.02529182879377432,
        "physical_energy_share": 0.7630324240488506,
        "zero_x0_target_share": 0.7921302042801556,
        "zero_velocity_target_share": 0.40871101653696496,
        "inverse_jacobian_sq_share": 0.03830879931318938,
        "coordinate_metric_sq_share": 0.005269566244339799
      },
      "cumulative_radius_0_5": {
        "scalar_amplitude_fraction": 0.10700389105058367,
        "physical_energy_share": 0.9081635748701457,
        "zero_x0_target_share": 0.9028020529345006,
        "zero_velocity_target_share": 0.5049029689526588,
        "inverse_jacobian_sq_share": 0.15942402882807954,
        "coordinate_metric_sq_share": 0.02328358410173207
      }
    },
    {
      "name": "inverse_softplus_tau_0p2_eps_0p003",
      "description": "inverse-softplus amplitude with transition 0.2; logarithmic below the transition and linear above",
      "mean": 1.9177606927968764,
      "std": 6.811610776922486,
      "standardized_lower_bound": -0.8969914159503525,
      "gaussian_base_below_support_probability": 0.18486174877532435,
      "standardized_moments": {
        "mean": 1.9636141603912835e-12,
        "std": 0.9999999999693996,
        "skew": 11.346004535698125,
        "excess_kurtosis": 217.07895246931628
      },
      "standardized_quantiles": {
        "p0": -0.8969914317131042,
        "p0.1": -0.7927384376525879,
        "p1": -0.6715649366378784,
        "p5": -0.5509793162345886,
        "p10": -0.48347312211990356,
        "p50": -0.19441397488117218,
        "p90": 0.5103663206100464,
        "p99": 3.7612898349761963,
        "p99.9": 14.993276596069336,
        "p100": 45.24700927734375
      },
      "standardized_tail_fractions": {
        "abs_gt_3": 0.012383786961436272,
        "abs_gt_4": 0.00817918311804533,
        "abs_gt_8": 0.0027124513871967793
      },
      "coordinate_metric_sq_moments": {
        "mean": 8.483893639137072,
        "std": 44.87884928137263,
        "skew": 21.03197448927479,
        "excess_kurtosis": 662.5881978647099,
        "finite_fraction": 1.0
      },
      "coordinate_metric_sq_quantiles": {
        "p0": 0.5388159155845642,
        "p0.1": 0.5388159155845642,
        "p1": 0.5388159155845642,
        "p5": 0.5389406085014343,
        "p10": 0.5437225103378296,
        "p50": 1.2985119819641113,
        "p90": 13.239358901977539,
        "p99": 125.28975677490234,
        "p99.9": 605.6541748046875,
        "p100": 2430.887451171875
      },
      "inverse_jacobian_sq_moments": {
        "mean": 0.8745929389829016,
        "std": 0.6509372165799048,
        "skew": 0.2254243762064475,
        "excess_kurtosis": -1.4432879313091465,
        "finite_fraction": 1.0
      },
      "inverse_jacobian_sq_quantiles": {
        "p0": 0.0004113723698537797,
        "p0.1": 0.0016511069843545556,
        "p1": 0.007981495931744576,
        "p5": 0.035143960267305374,
        "p10": 0.07553234696388245,
        "p50": 0.7701122760772705,
        "p90": 1.8391733169555664,
        "p99": 1.8559215068817139,
        "p99.9": 1.8559215068817139,
        "p100": 1.8559215068817139
      },
      "base_grid_valid_fraction": 0.5996699929237366,
      "base_grid_amplitude_quantiles_after_clamp": {
        "p0": 0.0,
        "p0.1": 0.0,
        "p1": 0.0,
        "p5": 0.0,
        "p10": 0.0,
        "p50": 0.40797099471092224,
        "p90": 5.284912109375,
        "p99": 6.388392925262451,
        "p99.9": 6.498741149902344,
        "p100": 6.5110015869140625
      },
      "radial": [
        {
          "radius_bin": 0,
          "orbits": 1,
          "scalar_amplitude_fraction": 0.0019455252918287938,
          "physical_energy_share": 0.30013461738004366,
          "zero_x0_target_share": 0.31115016212710767,
          "zero_velocity_target_share": 0.15654784370946823,
          "inverse_jacobian_sq_share": 0.004069637515448173,
          "coordinate_metric_sq_share": 0.00022008347885430117,
          "standardized_mean": 9.857605934143066,
          "standardized_std": 7.922045157896719
        },
        {
          "radius_bin": 1,
          "orbits": 4,
          "scalar_amplitude_fraction": 0.007782101167315175,
          "physical_energy_share": 0.32654061732754375,
          "zero_x0_target_share": 0.3278855058365759,
          "zero_velocity_target_share": 0.16783380350194552,
          "inverse_jacobian_sq_share": 0.016435406896356378,
          "coordinate_metric_sq_share": 0.0005016275164796895,
          "standardized_mean": 5.026412487030029,
          "standardized_std": 4.10712351981654
        },
        {
          "radius_bin": 2,
          "orbits": 8,
          "scalar_amplitude_fraction": 0.01556420233463035,
          "physical_energy_share": 0.13635718934126329,
          "zero_x0_target_share": 0.12658664072632944,
          "zero_velocity_target_share": 0.07107541342412452,
          "inverse_jacobian_sq_share": 0.03237081047451165,
          "coordinate_metric_sq_share": 0.0010459302642896082,
          "standardized_mean": 2.125710964202881,
          "standardized_std": 1.9011955339421576
        },
        {
          "radius_bin": 3,
          "orbits": 10,
          "scalar_amplitude_fraction": 0.019455252918287938,
          "physical_energy_share": 0.06772468765634769,
          "zero_x0_target_share": 0.05747597276264591,
          "zero_velocity_target_share": 0.03846561284046693,
          "inverse_jacobian_sq_share": 0.039603054539436286,
          "coordinate_metric_sq_share": 0.0014299551521063335,
          "standardized_mean": 1.254515290260315,
          "standardized_std": 1.1749281055315546
        },
        {
          "radius_bin": 4,
          "orbits": 12,
          "scalar_amplitude_fraction": 0.023346303501945526,
          "physical_energy_share": 0.042240249587018996,
          "zero_x0_target_share": 0.03259929272049287,
          "zero_velocity_target_share": 0.027972799124513618,
          "inverse_jacobian_sq_share": 0.046205287610919674,
          "coordinate_metric_sq_share": 0.0018839135195828458,
          "standardized_mean": 0.8309053778648376,
          "standardized_std": 0.8401980198284519
        },
        {
          "radius_bin": 5,
          "orbits": 20,
          "scalar_amplitude_fraction": 0.038910505836575876,
          "physical_energy_share": 0.0351662135779283,
          "zero_x0_target_share": 0.023708807555123217,
          "zero_velocity_target_share": 0.03130965872243839,
          "inverse_jacobian_sq_share": 0.07312367499039575,
          "coordinate_metric_sq_share": 0.0037296237839550095,
          "standardized_mean": 0.49806156754493713,
          "standardized_std": 0.6010416473377509
        },
        {
          "radius_bin": 6,
          "orbits": 18,
          "scalar_amplitude_fraction": 0.03501945525291829,
          "physical_energy_share": 0.021374050873215207,
          "zero_x0_target_share": 0.013189576240272373,
          "zero_velocity_target_share": 0.02410451523994812,
          "inverse_jacobian_sq_share": 0.06281190626908661,
          "coordinate_metric_sq_share": 0.003834254313735862,
          "standardized_mean": 0.34918349981307983,
          "standardized_std": 0.5046845859757824
        },
        {
          "radius_bin": 7,
          "orbits": 24,
          "scalar_amplitude_fraction": 0.04669260700389105,
          "physical_energy_share": 0.01759093740451412,
          "zero_x0_target_share": 0.009650291828793775,
          "zero_velocity_target_share": 0.02817144536316472,
          "inverse_jacobian_sq_share": 0.0779887000237205,
          "coordinate_metric_sq_share": 0.006192545342651261,
          "standardized_mean": 0.20265783369541168,
          "standardized_std": 0.4069482480972391
        },
        {
          "radius_bin": 8,
          "orbits": 28,
          "scalar_amplitude_fraction": 0.054474708171206226,
          "physical_energy_share": 0.013585231513624481,
          "zero_x0_target_share": 0.006917979896238651,
          "zero_velocity_target_share": 0.03069634403372244,
          "inverse_jacobian_sq_share": 0.08395804184759513,
          "coordinate_metric_sq_share": 0.008941760323444958,
          "standardized_mean": 0.09919840842485428,
          "standardized_std": 0.342277694811701
        },
        {
          "radius_bin": 9,
          "orbits": 28,
          "scalar_amplitude_fraction": 0.054474708171206226,
          "physical_energy_share": 0.0096999058160349,
          "zero_x0_target_share": 0.005024440661478599,
          "zero_velocity_target_share": 0.029749574416342413,
          "inverse_jacobian_sq_share": 0.07698795652422476,
          "coordinate_metric_sq_share": 0.01109593947912593,
          "standardized_mean": 0.023775743320584297,
          "standardized_std": 0.3027690324552811
        },
        {
          "radius_bin": 10,
          "orbits": 34,
          "scalar_amplitude_fraction": 0.06614785992217899,
          "physical_energy_share": 0.007973776178397111,
          "zero_x0_target_share": 0.004720950875486381,
          "zero_velocity_target_share": 0.035434403372243836,
          "inverse_jacobian_sq_share": 0.08364964378833124,
          "coordinate_metric_sq_share": 0.016965344953633055,
          "standardized_mean": -0.049334779381752014,
          "standardized_std": 0.26255618612194787
        },
        {
          "radius_bin": 11,
          "orbits": 32,
          "scalar_amplitude_fraction": 0.0622568093385214,
          "physical_energy_share": 0.005759560222860255,
          "zero_x0_target_share": 0.004282102180609598,
          "zero_velocity_target_share": 0.03326945525291829,
          "inverse_jacobian_sq_share": 0.07129664380457004,
          "coordinate_metric_sq_share": 0.019605399381937116,
          "standardized_mean": -0.09737486392259598,
          "standardized_std": 0.24351467602756252
        },
        {
          "radius_bin": 12,
          "orbits": 40,
          "scalar_amplitude_fraction": 0.07782101167315175,
          "physical_energy_share": 0.004839901039746161,
          "zero_x0_target_share": 0.005586522170881972,
          "zero_velocity_target_share": 0.04170376945525292,
          "inverse_jacobian_sq_share": 0.07637877929202268,
          "coordinate_metric_sq_share": 0.03280853228869474,
          "standardized_mean": -0.15814650058746338,
          "standardized_std": 0.21627872828996753
        },
        {
          "radius_bin": 13,
          "orbits": 46,
          "scalar_amplitude_fraction": 0.08949416342412451,
          "physical_energy_share": 0.0038728922800088405,
          "zero_x0_target_share": 0.00751376155155642,
          "zero_velocity_target_share": 0.0485039640077821,
          "inverse_jacobian_sq_share": 0.07377538637022389,
          "coordinate_metric_sq_share": 0.050929979932983566,
          "standardized_mean": -0.21112464368343353,
          "standardized_std": 0.19845529005350843
        },
        {
          "radius_bin": 14,
          "orbits": 44,
          "scalar_amplitude_fraction": 0.08560311284046693,
          "physical_energy_share": 0.002892207931352236,
          "zero_x0_target_share": 0.00858743920233463,
          "zero_velocity_target_share": 0.047095278047989624,
          "inverse_jacobian_sq_share": 0.05975495789295491,
          "coordinate_metric_sq_share": 0.06441431249447721,
          "standardized_mean": -0.25182121992111206,
          "standardized_std": 0.19210147850344633
        },
        {
          "radius_bin": 15,
          "orbits": 48,
          "scalar_amplitude_fraction": 0.0933852140077821,
          "physical_energy_share": 0.0024195487606466248,
          "zero_x0_target_share": 0.011052137037937743,
          "zero_velocity_target_share": 0.05221867704280156,
          "inverse_jacobian_sq_share": 0.05458912588053749,
          "coordinate_metric_sq_share": 0.09366085763792596,
          "standardized_mean": -0.2904356122016907,
          "standardized_std": 0.18438308736755496
        },
        {
          "radius_bin": 16,
          "orbits": 38,
          "scalar_amplitude_fraction": 0.07392996108949416,
          "physical_energy_share": 0.0012757104735604547,
          "zero_x0_target_share": 0.01028404567931258,
          "zero_velocity_target_share": 0.042107003891050584,
          "inverse_jacobian_sq_share": 0.03506481206784138,
          "coordinate_metric_sq_share": 0.10636067549680618,
          "standardized_mean": -0.33196887373924255,
          "standardized_std": 0.17000569945804697
        },
        {
          "radius_bin": 17,
          "orbits": 30,
          "scalar_amplitude_fraction": 0.058365758754863814,
          "physical_energy_share": 0.0003205139821248481,
          "zero_x0_target_share": 0.010384065945201037,
          "zero_velocity_target_share": 0.03437491083009079,
          "inverse_jacobian_sq_share": 0.016917500733897105,
          "coordinate_metric_sq_share": 0.1222295944310131,
          "standardized_mean": -0.4021432399749756,
          "standardized_std": 0.12725760832492325
        },
        {
          "radius_bin": 18,
          "orbits": 18,
          "scalar_amplitude_fraction": 0.03501945525291829,
          "physical_energy_share": 0.00012516609601691945,
          "zero_x0_target_share": 0.0072806551961738,
          "zero_velocity_target_share": 0.021150054717898832,
          "inverse_jacobian_sq_share": 0.007495760673688993,
          "coordinate_metric_sq_share": 0.10064344859153272,
          "standardized_mean": -0.4395134747028351,
          "standardized_std": 0.12137166839344848
        },
        {
          "radius_bin": 19,
          "orbits": 16,
          "scalar_amplitude_fraction": 0.0311284046692607,
          "physical_energy_share": 6.806608981054088e-05,
          "zero_x0_target_share": 0.00760654385538262,
          "zero_velocity_target_share": 0.019367475275616084,
          "inverse_jacobian_sq_share": 0.004623234589569667,
          "coordinate_metric_sq_share": 0.13013715467869078,
          "standardized_mean": -0.48054400086402893,
          "standardized_std": 0.1159207673708872
        },
        {
          "radius_bin": 20,
          "orbits": 8,
          "scalar_amplitude_fraction": 0.01556420233463035,
          "physical_energy_share": 2.5431654024904232e-05,
          "zero_x0_target_share": 0.004190635892915046,
          "zero_velocity_target_share": 0.009877417720492866,
          "inverse_jacobian_sq_share": 0.0018309897974214129,
          "coordinate_metric_sq_share": 0.08374736014622657,
          "standardized_mean": -0.5061786770820618,
          "standardized_std": 0.11415576136923772
        },
        {
          "radius_bin": 21,
          "orbits": 6,
          "scalar_amplitude_fraction": 0.011673151750972763,
          "physical_energy_share": 1.2579198223505379e-05,
          "zero_x0_target_share": 0.00351577547422179,
          "zero_velocity_target_share": 0.007594463359273671,
          "inverse_jacobian_sq_share": 0.0009903503699664465,
          "coordinate_metric_sq_share": 0.08403928432635457,
          "standardized_mean": -0.5377821922302246,
          "standardized_std": 0.10943062557401799
        },
        {
          "radius_bin": 22,
          "orbits": 1,
          "scalar_amplitude_fraction": 0.0019455252918287938,
          "physical_energy_share": 8.969188832607048e-07,
          "zero_x0_target_share": 0.0008066888831468872,
          "zero_velocity_target_share": 0.001376107150818742,
          "inverse_jacobian_sq_share": 7.834645610711854e-05,
          "coordinate_metric_sq_share": 0.055582455624314145,
          "standardized_mean": -0.6313654780387878,
          "standardized_std": 0.12655293858318845
        }
      ],
      "cumulative_radius_0_2": {
        "scalar_amplitude_fraction": 0.02529182879377432,
        "physical_energy_share": 0.7630324240488506,
        "zero_x0_target_share": 0.765622308690013,
        "zero_velocity_target_share": 0.39545706063553826,
        "inverse_jacobian_sq_share": 0.0528758548863162,
        "coordinate_metric_sq_share": 0.0017676412596235988
      },
      "cumulative_radius_0_5": {
        "scalar_amplitude_fraction": 0.10700389105058367,
        "physical_energy_share": 0.9081635748701457,
        "zero_x0_target_share": 0.879406381728275,
        "zero_velocity_target_share": 0.4932051313229572,
        "inverse_jacobian_sq_share": 0.2118078720270679,
        "coordinate_metric_sq_share": 0.008811133715267788
      }
    },
    {
      "name": "inverse_softplus_tau_0p5_eps_0p003",
      "description": "inverse-softplus amplitude with transition 0.5; logarithmic below the transition and linear above",
      "mean": -0.18714366978458122,
      "std": 3.0842489808502944,
      "standardized_lower_bound": -1.5970988952428693,
      "gaussian_base_below_support_probability": 0.05512183220872091,
      "standardized_moments": {
        "mean": -8.187065577894285e-12,
        "std": 0.9999999999011507,
        "skew": 8.44664943185805,
        "excess_kurtosis": 141.25795074436334
      },
      "standardized_quantiles": {
        "p0": -1.5970988273620605,
        "p0.1": -1.3683488368988037,
        "p1": -1.1044292449951172,
        "p5": -0.8461132049560547,
        "p10": -0.7048680186271667,
        "p50": -0.15648382902145386,
        "p90": 0.7210914492607117,
        "p99": 3.6321349143981934,
        "p99.9": 13.554545402526855,
        "p100": 40.28087615966797
      },
      "standardized_tail_fractions": {
        "abs_gt_3": 0.012124189175665379,
        "abs_gt_4": 0.007664461620151997,
        "abs_gt_8": 0.002334046643227339
      },
      "coordinate_metric_sq_moments": {
        "mean": 37.07502386959053,
        "std": 214.9460130920914,
        "skew": 21.399359434434167,
        "excess_kurtosis": 682.5806115903798,
        "finite_fraction": 1.0
      },
      "coordinate_metric_sq_quantiles": {
        "p0": 0.42049530148506165,
        "p0.1": 0.42049530148506165,
        "p1": 0.4205091595649719,
        "p5": 0.4438241422176361,
        "p10": 0.5373436808586121,
        "p50": 3.6688058376312256,
        "p90": 56.61063003540039,
        "p99": 586.9248657226562,
        "p99.9": 2901.099853515625,
        "p100": 11750.6611328125
      },
      "inverse_jacobian_sq_moments": {
        "mean": 0.5920699666921977,
        "std": 0.6983963230045664,
        "skew": 1.28503716803568,
        "excess_kurtosis": 0.44211609954349695,
        "finite_fraction": 1.0
      },
      "inverse_jacobian_sq_quantiles": {
        "p0": 8.510160114383325e-05,
        "p0.1": 0.0003446968039497733,
        "p1": 0.001703794812783599,
        "p5": 0.007862508296966553,
        "p10": 0.017664529383182526,
        "p50": 0.2725682556629181,
        "p90": 1.8610061407089233,
        "p99": 2.3780696392059326,
        "p99.9": 2.378147602081299,
        "p100": 2.378147602081299
      },
      "base_grid_valid_fraction": 0.6774661540985107,
      "base_grid_amplitude_quantiles_after_clamp": {
        "p0": 0.0,
        "p0.1": 0.0,
        "p1": 0.0,
        "p5": 0.0,
        "p10": 0.0,
        "p50": 0.2989734709262848,
        "p90": 5.455085754394531,
        "p99": 6.704198360443115,
        "p99.9": 6.829110622406006,
        "p100": 6.842989444732666
      },
      "radial": [
        {
          "radius_bin": 0,
          "orbits": 1,
          "scalar_amplitude_fraction": 0.0019455252918287938,
          "physical_energy_share": 0.30013461738004366,
          "zero_x0_target_share": 0.25348993213293985,
          "zero_velocity_target_share": 0.1277177204928664,
          "inverse_jacobian_sq_share": 0.007534118280365474,
          "coordinate_metric_sq_share": 0.00012723185169698735,
          "standardized_mean": 9.007115364074707,
          "standardized_std": 7.011823823683272
        },
        {
          "radius_bin": 1,
          "orbits": 4,
          "scalar_amplitude_fraction": 0.007782101167315175,
          "physical_energy_share": 0.32654061732754375,
          "zero_x0_target_share": 0.2779634097252536,
          "zero_velocity_target_share": 0.14287274643320363,
          "inverse_jacobian_sq_share": 0.030406138458368762,
          "coordinate_metric_sq_share": 9.772057057836466e-05,
          "standardized_mean": 4.743975639343262,
          "standardized_std": 3.634967914068815
        },
        {
          "radius_bin": 2,
          "orbits": 8,
          "scalar_amplitude_fraction": 0.01556420233463035,
          "physical_energy_share": 0.13635718934126329,
          "zero_x0_target_share": 0.11807283515388035,
          "zero_velocity_target_share": 0.0668185149156939,
          "inverse_jacobian_sq_share": 0.05655791884175187,
          "coordinate_metric_sq_share": 0.0002471435274331103,
          "standardized_mean": 2.166186571121216,
          "standardized_std": 1.7011213939409822
        },
        {
          "radius_bin": 3,
          "orbits": 10,
          "scalar_amplitude_fraction": 0.019455252918287938,
          "physical_energy_share": 0.06772468765634769,
          "zero_x0_target_share": 0.05948039458368318,
          "zero_velocity_target_share": 0.03946782182230869,
          "inverse_jacobian_sq_share": 0.0647688198289564,
          "coordinate_metric_sq_share": 0.00044646489343541933,
          "standardized_mean": 1.3784160614013672,
          "standardized_std": 1.0757609001623838
        },
        {
          "radius_bin": 4,
          "orbits": 12,
          "scalar_amplitude_fraction": 0.023346303501945526,
          "physical_energy_share": 0.042240249587018996,
          "zero_x0_target_share": 0.037385119155974006,
          "zero_velocity_target_share": 0.030365712143320362,
          "inverse_jacobian_sq_share": 0.07026999544016634,
          "coordinate_metric_sq_share": 0.0007190396744781347,
          "standardized_mean": 0.9839393496513367,
          "standardized_std": 0.7957341630353538
        },
        {
          "radius_bin": 5,
          "orbits": 20,
          "scalar_amplitude_fraction": 0.038910505836575876,
          "physical_energy_share": 0.0351662135779283,
          "zero_x0_target_share": 0.031074148821280727,
          "zero_velocity_target_share": 0.03499232328145266,
          "inverse_jacobian_sq_share": 0.09977160852376728,
          "coordinate_metric_sq_share": 0.001822680221443777,
          "standardized_mean": 0.6588534116744995,
          "standardized_std": 0.6037529460330047
        },
        {
          "radius_bin": 6,
          "orbits": 18,
          "scalar_amplitude_fraction": 0.03501945525291829,
          "physical_energy_share": 0.021374050873215207,
          "zero_x0_target_share": 0.018747859111404613,
          "zero_velocity_target_share": 0.026883657587548637,
          "inverse_jacobian_sq_share": 0.07929251436982891,
          "coordinate_metric_sq_share": 0.00213392513329301,
          "standardized_mean": 0.5040537118911743,
          "standardized_std": 0.5303633916885623
        },
        {
          "radius_bin": 7,
          "orbits": 24,
          "scalar_amplitude_fraction": 0.04669260700389105,
          "physical_energy_share": 0.01759093740451412,
          "zero_x0_target_share": 0.015273215565707883,
          "zero_velocity_target_share": 0.03098290977626459,
          "inverse_jacobian_sq_share": 0.08885285790285549,
          "coordinate_metric_sq_share": 0.0039480409388124435,
          "standardized_mean": 0.3435884118080139,
          "standardized_std": 0.45721804967251456
        },
        {
          "radius_bin": 8,
          "orbits": 28,
          "scalar_amplitude_fraction": 0.054474708171206226,
          "physical_energy_share": 0.013585231513624481,
          "zero_x0_target_share": 0.011872911356868441,
          "zero_velocity_target_share": 0.033173808365758756,
          "inverse_jacobian_sq_share": 0.08700021325957567,
          "coordinate_metric_sq_share": 0.006358722210029281,
          "standardized_mean": 0.22222298383712769,
          "standardized_std": 0.4105723223394566
        },
        {
          "radius_bin": 9,
          "orbits": 28,
          "scalar_amplitude_fraction": 0.054474708171206226,
          "physical_energy_share": 0.0096999058160349,
          "zero_x0_target_share": 0.008909321873172624,
          "zero_velocity_target_share": 0.031692011186770425,
          "inverse_jacobian_sq_share": 0.07339489309583351,
          "coordinate_metric_sq_share": 0.008555166267686015,
          "standardized_mean": 0.12722289562225342,
          "standardized_std": 0.3838801959358037
        },
        {
          "radius_bin": 10,
          "orbits": 34,
          "scalar_amplitude_fraction": 0.06614785992217899,
          "physical_energy_share": 0.007973776178397111,
          "zero_x0_target_share": 0.008410112717095507,
          "zero_velocity_target_share": 0.03727898427367056,
          "inverse_jacobian_sq_share": 0.07249079900487627,
          "coordinate_metric_sq_share": 0.013942646979143297,
          "standardized_mean": 0.030355628579854965,
          "standardized_std": 0.35527403759881565
        },
        {
          "radius_bin": 11,
          "orbits": 32,
          "scalar_amplitude_fraction": 0.0622568093385214,
          "physical_energy_share": 0.005759560222860255,
          "zero_x0_target_share": 0.007441575446113842,
          "zero_velocity_target_share": 0.03484919341763943,
          "inverse_jacobian_sq_share": 0.05778692367202101,
          "coordinate_metric_sq_share": 0.016842783417876036,
          "standardized_mean": -0.03811521828174591,
          "standardized_std": 0.3436241143601662
        },
        {
          "radius_bin": 12,
          "orbits": 40,
          "scalar_amplitude_fraction": 0.07782101167315175,
          "physical_energy_share": 0.004839901039746161,
          "zero_x0_target_share": 0.009475282310329592,
          "zero_velocity_target_share": 0.04364814364461738,
          "inverse_jacobian_sq_share": 0.05626640179177475,
          "coordinate_metric_sq_share": 0.029620982934285514,
          "standardized_mean": -0.12825937569141388,
          "standardized_std": 0.3245102564252236
        },
        {
          "radius_bin": 13,
          "orbits": 46,
          "scalar_amplitude_fraction": 0.08949416342412451,
          "physical_energy_share": 0.0038728922800088405,
          "zero_x0_target_share": 0.01280010925260112,
          "zero_velocity_target_share": 0.05114713845654994,
          "inverse_jacobian_sq_share": 0.04993727764238965,
          "coordinate_metric_sq_share": 0.04775842966969686,
          "standardized_mean": -0.21230457723140717,
          "standardized_std": 0.3129761461288761
        },
        {
          "radius_bin": 14,
          "orbits": 44,
          "scalar_amplitude_fraction": 0.08560311284046693,
          "physical_energy_share": 0.002892207931352236,
          "zero_x0_target_share": 0.01506428234852674,
          "zero_velocity_target_share": 0.05033369811932555,
          "inverse_jacobian_sq_share": 0.03831841990427087,
          "coordinate_metric_sq_share": 0.06209740204711554,
          "standardized_mean": -0.28127023577690125,
          "standardized_std": 0.31123182462746174
        },
        {
          "radius_bin": 15,
          "orbits": 48,
          "scalar_amplitude_fraction": 0.0933852140077821,
          "physical_energy_share": 0.0024195487606466248,
          "zero_x0_target_share": 0.020206113502341992,
          "zero_velocity_target_share": 0.056795663099870296,
          "inverse_jacobian_sq_share": 0.03326352377329467,
          "coordinate_metric_sq_share": 0.09238702600897102,
          "standardized_mean": -0.3486108183860779,
          "standardized_std": 0.30796799398395386
        },
        {
          "radius_bin": 16,
          "orbits": 38,
          "scalar_amplitude_fraction": 0.07392996108949416,
          "physical_energy_share": 0.0012757104735604547,
          "zero_x0_target_share": 0.019851030794489674,
          "zero_velocity_target_share": 0.04689049935149157,
          "inverse_jacobian_sq_share": 0.020157450560636093,
          "coordinate_metric_sq_share": 0.10749473791090865,
          "standardized_mean": -0.422452837228775,
          "standardized_std": 0.30007476195209454
        },
        {
          "radius_bin": 17,
          "orbits": 30,
          "scalar_amplitude_fraction": 0.058365758754863814,
          "physical_energy_share": 0.0003205139821248481,
          "zero_x0_target_share": 0.021219085763235133,
          "zero_velocity_target_share": 0.03979242055771725,
          "inverse_jacobian_sq_share": 0.007716350237614104,
          "coordinate_metric_sq_share": 0.12537428224903288,
          "standardized_mean": -0.5487290620803833,
          "standardized_std": 0.24990011499830156
        },
        {
          "radius_bin": 18,
          "orbits": 18,
          "scalar_amplitude_fraction": 0.03501945525291829,
          "physical_energy_share": 0.00012516609601691945,
          "zero_x0_target_share": 0.015622760619180326,
          "zero_velocity_target_share": 0.025321106922827498,
          "inverse_jacobian_sq_share": 0.0032173147593589683,
          "coordinate_metric_sq_share": 0.10448942510963012,
          "standardized_mean": -0.6220169067382812,
          "standardized_std": 0.24333405364216082
        },
        {
          "radius_bin": 19,
          "orbits": 16,
          "scalar_amplitude_fraction": 0.0311284046692607,
          "physical_energy_share": 6.806608981054088e-05,
          "zero_x0_target_share": 0.017192930346493537,
          "zero_velocity_target_share": 0.02416066796368353,
          "inverse_jacobian_sq_share": 0.0018709158022141754,
          "coordinate_metric_sq_share": 0.13674497893373205,
          "standardized_mean": -0.7044190764427185,
          "standardized_std": 0.23688960632863773
        },
        {
          "radius_bin": 20,
          "orbits": 8,
          "scalar_amplitude_fraction": 0.01556420233463035,
          "physical_energy_share": 2.5431654024904232e-05,
          "zero_x0_target_share": 0.00977979250355334,
          "zero_velocity_target_share": 0.012671997608625162,
          "inverse_jacobian_sq_share": 0.0007215576036965103,
          "coordinate_metric_sq_share": 0.08860842232034788,
          "standardized_mean": -0.7569205164909363,
          "standardized_std": 0.23542100855843984
        },
        {
          "radius_bin": 21,
          "orbits": 6,
          "scalar_amplitude_fraction": 0.011673151750972763,
          "physical_energy_share": 1.2579198223505379e-05,
          "zero_x0_target_share": 0.008498318482381225,
          "zero_velocity_target_share": 0.010085734841115435,
          "inverse_jacobian_sq_share": 0.00037538947687799863,
          "coordinate_metric_sq_share": 0.08950922133395665,
          "standardized_mean": -0.8221613764762878,
          "standardized_std": 0.22819585952345942
        },
        {
          "radius_bin": 22,
          "orbits": 1,
          "scalar_amplitude_fraction": 0.0019455252918287938,
          "physical_energy_share": 8.969188832607048e-07,
          "zero_x0_target_share": 0.0021695536831746877,
          "zero_velocity_target_share": 0.002057539290491245,
          "inverse_jacobian_sq_share": 2.8577897370929146e-05,
          "coordinate_metric_sq_share": 0.06067348667221031,
          "standardized_mean": -1.0209732055664062,
          "standardized_std": 0.26974849496234515
        }
      ],
      "cumulative_radius_0_2": {
        "scalar_amplitude_fraction": 0.02529182879377432,
        "physical_energy_share": 0.7630324240488506,
        "zero_x0_target_share": 0.6495261770120738,
        "zero_velocity_target_share": 0.33740898184176393,
        "inverse_jacobian_sq_share": 0.09449817558048611,
        "coordinate_metric_sq_share": 0.0004720959497084623
      },
      "cumulative_radius_0_5": {
        "scalar_amplitude_fraction": 0.10700389105058367,
        "physical_energy_share": 0.9081635748701457,
        "zero_x0_target_share": 0.7774658395730117,
        "zero_velocity_target_share": 0.44223483908884564,
        "inverse_jacobian_sq_share": 0.3293085993733761,
        "coordinate_metric_sq_share": 0.0034602807390657934
      }
    },
    {
      "name": "inverse_softplus_tau_1_eps_0p003",
      "description": "inverse-softplus amplitude with transition 1; logarithmic below the transition and linear above",
      "mean": -1.2356577257544188,
      "std": 1.9853433965459109,
      "standardized_lower_bound": -2.302868560428362,
      "gaussian_base_below_support_probability": 0.010643119781410415,
      "standardized_moments": {
        "mean": -3.652183439258858e-12,
        "std": 1.0000000000695939,
        "skew": 4.740451422250928,
        "excess_kurtosis": 60.055991937925846
      },
      "standardized_quantiles": {
        "p0": -2.302868604660034,
        "p0.1": -1.9482746124267578,
        "p1": -1.5401735305786133,
        "p5": -1.1429616212844849,
        "p10": -0.9275006651878357,
        "p50": -0.11883384734392166,
        "p90": 0.957196831703186,
        "p99": 3.3944928646087646,
        "p99.9": 11.103813171386719,
        "p100": 31.86361312866211
      },
      "standardized_tail_fractions": {
        "abs_gt_3": 0.011345265433192253,
        "abs_gt_4": 0.006554215215146542,
        "abs_gt_8": 0.001637808047235012
      },
      "coordinate_metric_sq_moments": {
        "mean": 86.6499476914249,
        "std": 515.5536896739677,
        "skew": 21.527141456821834,
        "excess_kurtosis": 689.5726294464345,
        "finite_fraction": 1.0
      },
      "coordinate_metric_sq_quantiles": {
        "p0": 0.25370481610298157,
        "p0.1": 0.25370481610298157,
        "p1": 0.2557753324508667,
        "p5": 0.3623200058937073,
        "p10": 0.5818672180175781,
        "p50": 7.278310775756836,
        "p90": 130.66983032226562,
        "p99": 1397.45068359375,
        "p99.9": 6959.31982421875,
        "p100": 28274.353515625
      },
      "inverse_jacobian_sq_moments": {
        "mean": 0.5232120701065386,
        "std": 0.8653946102619745,
        "skew": 2.346042438569855,
        "excess_kurtosis": 5.032364506740484,
        "finite_fraction": 1.0
      },
      "inverse_jacobian_sq_quantiles": {
        "p0": 3.5367738746572286e-05,
        "p0.1": 0.0001436921738786623,
        "p1": 0.0007155884522944689,
        "p5": 0.0033550404477864504,
        "p10": 0.00765287596732378,
        "p50": 0.137394517660141,
        "p90": 1.7186046838760376,
        "p99": 3.9096810817718506,
        "p99.9": 3.9415886402130127,
        "p100": 3.9415886402130127
      },
      "base_grid_valid_fraction": 0.7558622360229492,
      "base_grid_amplitude_quantiles_after_clamp": {
        "p0": 0.0,
        "p0.1": 0.0,
        "p1": 0.0,
        "p5": 0.0,
        "p10": 0.0,
        "p50": 0.25214099884033203,
        "p90": 5.911282539367676,
        "p99": 7.517248153686523,
        "p99.9": 7.677981853485107,
        "p100": 7.695840835571289
      },
      "radial": [
        {
          "radius_bin": 0,
          "orbits": 1,
          "scalar_amplitude_fraction": 0.0019455252918287938,
          "physical_energy_share": 0.30013461738004366,
          "zero_x0_target_share": 0.16917340018330737,
          "zero_velocity_target_share": 0.0855594682230869,
          "inverse_jacobian_sq_share": 0.013611675717935083,
          "coordinate_metric_sq_share": 0.00011318056358039997,
          "standardized_mean": 7.5421857833862305,
          "standardized_std": 5.483663053126386
        },
        {
          "radius_bin": 1,
          "orbits": 4,
          "scalar_amplitude_fraction": 0.007782101167315175,
          "physical_energy_share": 0.32654061732754375,
          "zero_x0_target_share": 0.2027504408073644,
          "zero_velocity_target_share": 0.1052662775616083,
          "inverse_jacobian_sq_share": 0.05355642262017642,
          "coordinate_metric_sq_share": 3.301167255880895e-05,
          "standardized_mean": 4.23268461227417,
          "standardized_std": 2.852685329066249
        },
        {
          "radius_bin": 2,
          "orbits": 8,
          "scalar_amplitude_fraction": 0.01556420233463035,
          "physical_energy_share": 0.13635718934126329,
          "zero_x0_target_share": 0.10390164695838866,
          "zero_velocity_target_share": 0.05973292396238651,
          "inverse_jacobian_sq_share": 0.08871488721394459,
          "coordinate_metric_sq_share": 0.00011835619156265738,
          "standardized_mean": 2.175416946411133,
          "standardized_std": 1.394002323127132
        },
        {
          "radius_bin": 3,
          "orbits": 10,
          "scalar_amplitude_fraction": 0.019455252918287938,
          "physical_energy_share": 0.06772468765634769,
          "zero_x0_target_share": 0.06166187586498859,
          "zero_velocity_target_share": 0.040558568417639426,
          "inverse_jacobian_sq_share": 0.09120894392985561,
          "coordinate_metric_sq_share": 0.00028452101054351244,
          "standardized_mean": 1.5109357833862305,
          "standardized_std": 0.9415381131997294
        },
        {
          "radius_bin": 4,
          "orbits": 12,
          "scalar_amplitude_fraction": 0.023346303501945526,
          "physical_energy_share": 0.042240249587018996,
          "zero_x0_target_share": 0.044185251674108195,
          "zero_velocity_target_share": 0.03376577902075227,
          "inverse_jacobian_sq_share": 0.08965028823998225,
          "coordinate_metric_sq_share": 0.0005201795200679717,
          "standardized_mean": 1.1548130512237549,
          "standardized_std": 0.7476685830422451
        },
        {
          "radius_bin": 5,
          "orbits": 20,
          "scalar_amplitude_fraction": 0.038910505836575876,
          "physical_energy_share": 0.0351662135779283,
          "zero_x0_target_share": 0.042217085459332976,
          "zero_velocity_target_share": 0.04056380107003891,
          "inverse_jacobian_sq_share": 0.11250844392551745,
          "coordinate_metric_sq_share": 0.0014752975867371148,
          "standardized_mean": 0.8370269536972046,
          "standardized_std": 0.6199718319942272
        },
        {
          "radius_bin": 6,
          "orbits": 18,
          "scalar_amplitude_fraction": 0.03501945525291829,
          "physical_energy_share": 0.021374050873215207,
          "zero_x0_target_share": 0.027410309506465013,
          "zero_velocity_target_share": 0.031214883268482492,
          "inverse_jacobian_sq_share": 0.08307267942334651,
          "coordinate_metric_sq_share": 0.001807260660984972,
          "standardized_mean": 0.673636257648468,
          "standardized_std": 0.5735249127664842
        },
        {
          "radius_bin": 7,
          "orbits": 24,
          "scalar_amplitude_fraction": 0.04669260700389105,
          "physical_energy_share": 0.01759093740451412,
          "zero_x0_target_share": 0.02438288995571401,
          "zero_velocity_target_share": 0.03553774724383917,
          "inverse_jacobian_sq_share": 0.0850888022082492,
          "coordinate_metric_sq_share": 0.003485114811970673,
          "standardized_mean": 0.4955935478210449,
          "standardized_std": 0.5259156661933232
        },
        {
          "radius_bin": 8,
          "orbits": 28,
          "scalar_amplitude_fraction": 0.054474708171206226,
          "physical_energy_share": 0.013585231513624481,
          "zero_x0_target_share": 0.020192469912939694,
          "zero_velocity_target_share": 0.03733358868352789,
          "inverse_jacobian_sq_share": 0.0773522297541005,
          "coordinate_metric_sq_share": 0.0057903585813524425,
          "standardized_mean": 0.3533329367637634,
          "standardized_std": 0.4958143753132901
        },
        {
          "radius_bin": 9,
          "orbits": 28,
          "scalar_amplitude_fraction": 0.054474708171206226,
          "physical_energy_share": 0.0096999058160349,
          "zero_x0_target_share": 0.015603800868754807,
          "zero_velocity_target_share": 0.03503925502594034,
          "inverse_jacobian_sq_share": 0.0616057418073781,
          "coordinate_metric_sq_share": 0.007962121049917465,
          "standardized_mean": 0.23655283451080322,
          "standardized_std": 0.4800874676312945
        },
        {
          "radius_bin": 10,
          "orbits": 34,
          "scalar_amplitude_fraction": 0.06614785992217899,
          "physical_energy_share": 0.007973776178397111,
          "zero_x0_target_share": 0.0148796034449025,
          "zero_velocity_target_share": 0.04051373621919585,
          "inverse_jacobian_sq_share": 0.057087040913840356,
          "coordinate_metric_sq_share": 0.013189227834048035,
          "standardized_mean": 0.1139381006360054,
          "standardized_std": 0.46039409881385485
        },
        {
          "radius_bin": 11,
          "orbits": 32,
          "scalar_amplitude_fraction": 0.0622568093385214,
          "physical_energy_share": 0.005759560222860255,
          "zero_x0_target_share": 0.01290374936583986,
          "zero_velocity_target_share": 0.03758028129053178,
          "inverse_jacobian_sq_share": 0.04378662649527202,
          "coordinate_metric_sq_share": 0.01611750146882569,
          "standardized_mean": 0.023914620280265808,
          "standardized_std": 0.4546367646592225
        },
        {
          "radius_bin": 12,
          "orbits": 40,
          "scalar_amplitude_fraction": 0.07782101167315175,
          "physical_energy_share": 0.004839901039746161,
          "zero_x0_target_share": 0.01588434762423167,
          "zero_velocity_target_share": 0.046852679150453956,
          "inverse_jacobian_sq_share": 0.04032562798016344,
          "coordinate_metric_sq_share": 0.02872132005877027,
          "standardized_mean": -0.09683457016944885,
          "standardized_std": 0.44129008283321886
        },
        {
          "radius_bin": 13,
          "orbits": 46,
          "scalar_amplitude_fraction": 0.08949416342412451,
          "physical_energy_share": 0.0038728922800088405,
          "zero_x0_target_share": 0.02094454711773365,
          "zero_velocity_target_share": 0.0552193579766537,
          "inverse_jacobian_sq_share": 0.03426778538609036,
          "coordinate_metric_sq_share": 0.04678154138515172,
          "standardized_mean": -0.21276429295539856,
          "standardized_std": 0.4344697098529476
        },
        {
          "radius_bin": 14,
          "orbits": 44,
          "scalar_amplitude_fraction": 0.08560311284046693,
          "physical_energy_share": 0.002892207931352236,
          "zero_x0_target_share": 0.02458585078885533,
          "zero_velocity_target_share": 0.055094479571984434,
          "inverse_jacobian_sq_share": 0.025821435145074387,
          "coordinate_metric_sq_share": 0.061296044320456045,
          "standardized_mean": -0.3104274272918701,
          "standardized_std": 0.4368549812842258
        },
        {
          "radius_bin": 15,
          "orbits": 48,
          "scalar_amplitude_fraction": 0.0933852140077821,
          "physical_energy_share": 0.0024195487606466248,
          "zero_x0_target_share": 0.033320973033659336,
          "zero_velocity_target_share": 0.06335309257457847,
          "inverse_jacobian_sq_share": 0.021990588818941167,
          "coordinate_metric_sq_share": 0.09179281012579164,
          "standardized_mean": -0.40684452652931213,
          "standardized_std": 0.4373666960057941
        },
        {
          "radius_bin": 16,
          "orbits": 38,
          "scalar_amplitude_fraction": 0.07392996108949416,
          "physical_energy_share": 0.0012757104735604547,
          "zero_x0_target_share": 0.03340852774588017,
          "zero_velocity_target_share": 0.05366924448767834,
          "inverse_jacobian_sq_share": 0.012835274196727042,
          "coordinate_metric_sq_share": 0.10757927946543845,
          "standardized_mean": -0.5133474469184875,
          "standardized_std": 0.43401468606890775
        },
        {
          "radius_bin": 17,
          "orbits": 30,
          "scalar_amplitude_fraction": 0.058365758754863814,
          "physical_energy_share": 0.0003205139821248481,
          "zero_x0_target_share": 0.03644065911539176,
          "zero_velocity_target_share": 0.04740321416990921,
          "inverse_jacobian_sq_share": 0.004237107113441738,
          "coordinate_metric_sq_share": 0.12598656564556338,
          "standardized_mean": -0.6963205337524414,
          "standardized_std": 0.37348061185280623
        },
        {
          "radius_bin": 18,
          "orbits": 18,
          "scalar_amplitude_fraction": 0.03501945525291829,
          "physical_energy_share": 0.00012516609601691945,
          "zero_x0_target_share": 0.02742847990087679,
          "zero_velocity_target_share": 0.031223968466277563,
          "inverse_jacobian_sq_share": 0.0017221836370977439,
          "coordinate_metric_sq_share": 0.10538952452582054,
          "standardized_mean": -0.8057070374488831,
          "standardized_std": 0.36615790540222765
        },
        {
          "radius_bin": 19,
          "orbits": 16,
          "scalar_amplitude_fraction": 0.0311284046692607,
          "physical_energy_share": 6.806608981054088e-05,
          "zero_x0_target_share": 0.030910846325496347,
          "zero_velocity_target_share": 0.031019627512970167,
          "inverse_jacobian_sq_share": 0.0009775353186551568,
          "coordinate_metric_sq_share": 0.13844397017955742,
          "standardized_mean": -0.9297009110450745,
          "standardized_std": 0.35870209717430956
        },
        {
          "radius_bin": 20,
          "orbits": 8,
          "scalar_amplitude_fraction": 0.01556420233463035,
          "physical_energy_share": 2.5431654024904232e-05,
          "zero_x0_target_share": 0.01784257747454102,
          "zero_velocity_target_share": 0.016703391496433205,
          "inverse_jacobian_sq_share": 0.0003731557817882034,
          "coordinate_metric_sq_share": 0.0899063881679277,
          "standardized_mean": -1.0092277526855469,
          "standardized_std": 0.3575544569884423
        },
        {
          "radius_bin": 21,
          "orbits": 6,
          "scalar_amplitude_fraction": 0.011673151750972763,
          "physical_energy_share": 1.2579198223505379e-05,
          "zero_x0_target_share": 0.015751318287852253,
          "zero_velocity_target_share": 0.013712234516861219,
          "inverse_jacobian_sq_share": 0.00019118631212753767,
          "coordinate_metric_sq_share": 0.09101321646146217,
          "standardized_mean": -1.1083170175552368,
          "standardized_std": 0.3478452875970322
        },
        {
          "radius_bin": 22,
          "orbits": 1,
          "scalar_amplitude_fraction": 0.0019455252918287938,
          "physical_energy_share": 8.969188832607048e-07,
          "zero_x0_target_share": 0.004219275626181866,
          "zero_velocity_target_share": 0.003082400595817121,
          "inverse_jacobian_sq_share": 1.4351094114810021e-05,
          "coordinate_metric_sq_share": 0.06219320032138376,
          "standardized_mean": -1.4132088422775269,
          "standardized_std": 0.4141844909045598
        }
      ],
      "cumulative_radius_0_2": {
        "scalar_amplitude_fraction": 0.02529182879377432,
        "physical_energy_share": 0.7630324240488506,
        "zero_x0_target_share": 0.47582548794906043,
        "zero_velocity_target_share": 0.25055866974708174,
        "inverse_jacobian_sq_share": 0.1558829855520561,
        "coordinate_metric_sq_share": 0.0002645484277018663
      },
      "cumulative_radius_0_5": {
        "scalar_amplitude_fraction": 0.10700389105058367,
        "physical_energy_share": 0.9081635748701457,
        "zero_x0_target_share": 0.6238897009474902,
        "zero_velocity_target_share": 0.36544681825551234,
        "inverse_jacobian_sq_share": 0.4492506616474114,
        "coordinate_metric_sq_share": 0.0025445465450504652
      }
    },
    {
      "name": "inverse_softplus_tau_2_eps_0p003",
      "description": "inverse-softplus amplitude with transition 2; logarithmic below the transition and linear above",
      "mean": -2.091525579214848,
      "std": 1.539524760438957,
      "standardized_lower_bound": -2.864529763491248,
      "gaussian_base_below_support_probability": 0.0020881445259905984,
      "standardized_moments": {
        "mean": -1.0385437189521638e-11,
        "std": 0.9999999999847203,
        "skew": 1.9579625313931066,
        "excess_kurtosis": 15.210013168288839
      },
      "standardized_quantiles": {
        "p0": -2.864529848098755,
        "p0.1": -2.4077489376068115,
        "p1": -1.8826911449432373,
        "p5": -1.3730732202529907,
        "p10": -1.0977517366409302,
        "p50": -0.08197571337223053,
        "p90": 1.1413593292236328,
        "p99": 3.104557752609253,
        "p99.9": 8.116860389709473,
        "p100": 21.50261116027832
      },
      "standardized_tail_fractions": {
        "abs_gt_3": 0.009771465323865414,
        "abs_gt_4": 0.0047511025331914425,
        "abs_gt_8": 0.0007533073658123612
      },
      "coordinate_metric_sq_moments": {
        "mean": 141.91936914822978,
        "std": 854.7211987103284,
        "skew": 21.591875060534043,
        "excess_kurtosis": 693.1257029077515,
        "finite_fraction": 1.0
      },
      "coordinate_metric_sq_quantiles": {
        "p0": 0.1054791584610939,
        "p0.1": 0.10548554360866547,
        "p1": 0.1203155368566513,
        "p5": 0.296932190656662,
        "p10": 0.6060754060745239,
        "p50": 10.944908142089844,
        "p90": 212.49159240722656,
        "p99": 2308.320068359375,
        "p99.9": 11538.388671875,
        "p100": 46949.8359375
      },
      "inverse_jacobian_sq_moments": {
        "mean": 0.599770616975713,
        "std": 1.4036052990841017,
        "skew": 3.9290708631340943,
        "excess_kurtosis": 17.070033322687404,
        "finite_fraction": 1.0
      },
      "inverse_jacobian_sq_quantiles": {
        "p0": 2.1299329091561958e-05,
        "p0.1": 8.666719077154994e-05,
        "p1": 0.000433215347584337,
        "p5": 0.002047404181212187,
        "p10": 0.004706068430095911,
        "p50": 0.09136670082807541,
        "p90": 1.6499592065811157,
        "p99": 8.311476707458496,
        "p99.9": 9.479971885681152,
        "p100": 9.480545997619629
      },
      "base_grid_valid_fraction": 0.818259060382843,
      "base_grid_amplitude_quantiles_after_clamp": {
        "p0": 0.0,
        "p0.1": 0.0,
        "p1": 0.0,
        "p5": 0.0,
        "p10": 0.0,
        "p50": 0.22989511489868164,
        "p90": 6.960984706878662,
        "p99": 9.41070556640625,
        "p99.9": 9.657990455627441,
        "p100": 9.685482025146484
      },
      "radial": [
        {
          "radius_bin": 0,
          "orbits": 1,
          "scalar_amplitude_fraction": 0.0019455252918287938,
          "physical_energy_share": 0.30013461738004366,
          "zero_x0_target_share": 0.08983352206008288,
          "zero_velocity_target_share": 0.04588952658884565,
          "inverse_jacobian_sq_share": 0.026423115184112216,
          "coordinate_metric_sq_share": 0.00010992073626684155,
          "standardized_mean": 5.74495792388916,
          "standardized_std": 3.6290345810273514
        },
        {
          "radius_bin": 1,
          "orbits": 4,
          "scalar_amplitude_fraction": 0.007782101167315175,
          "physical_energy_share": 0.32654061732754375,
          "zero_x0_target_share": 0.12925163720806504,
          "zero_velocity_target_share": 0.06851687743190661,
          "inverse_jacobian_sq_share": 0.09570001658653984,
          "coordinate_metric_sq_share": 1.6140729282961848e-05,
          "standardized_mean": 3.5895328521728516,
          "standardized_std": 1.9297908173818275
        },
        {
          "radius_bin": 2,
          "orbits": 8,
          "scalar_amplitude_fraction": 0.01556420233463035,
          "physical_energy_share": 0.13635718934126329,
          "zero_x0_target_share": 0.08817648585107096,
          "zero_velocity_target_share": 0.05187034695201038,
          "inverse_jacobian_sq_share": 0.1294703103640032,
          "coordinate_metric_sq_share": 8.250165572121107e-05,
          "standardized_mean": 2.1285946369171143,
          "standardized_std": 1.065093662643038
        },
        {
          "radius_bin": 3,
          "orbits": 10,
          "scalar_amplitude_fraction": 0.019455252918287938,
          "physical_energy_share": 0.06772468765634769,
          "zero_x0_target_share": 0.062351025463617024,
          "zero_velocity_target_share": 0.04090314121271076,
          "inverse_jacobian_sq_share": 0.11428931488399748,
          "coordinate_metric_sq_share": 0.00023589990341331152,
          "standardized_mean": 1.596854329109192,
          "standardized_std": 0.8092583467369026
        },
        {
          "radius_bin": 4,
          "orbits": 12,
          "scalar_amplitude_fraction": 0.023346303501945526,
          "physical_energy_share": 0.042240249587018996,
          "zero_x0_target_share": 0.04986443013200842,
          "zero_velocity_target_share": 0.03660537046044099,
          "inverse_jacobian_sq_share": 0.09974254641014405,
          "coordinate_metric_sq_share": 0.00045584646143697526,
          "standardized_mean": 1.281922698020935,
          "standardized_std": 0.7018075620625416
        },
        {
          "radius_bin": 5,
          "orbits": 20,
          "scalar_amplitude_fraction": 0.038910505836575876,
          "physical_energy_share": 0.0351662135779283,
          "zero_x0_target_share": 0.052557203141556215,
          "zero_velocity_target_share": 0.0457338602464332,
          "inverse_jacobian_sq_share": 0.11020654188701409,
          "coordinate_metric_sq_share": 0.0013524197257097068,
          "standardized_mean": 0.9756383299827576,
          "standardized_std": 0.6315456702689124
        },
        {
          "radius_bin": 6,
          "orbits": 18,
          "scalar_amplitude_fraction": 0.03501945525291829,
          "physical_energy_share": 0.021374050873215207,
          "zero_x0_target_share": 0.0357539981677044,
          "zero_velocity_target_share": 0.03538672989623865,
          "inverse_jacobian_sq_share": 0.0761136742397088,
          "coordinate_metric_sq_share": 0.0016854487952093515,
          "standardized_mean": 0.8075167536735535,
          "standardized_std": 0.6073647497375831
        },
        {
          "radius_bin": 7,
          "orbits": 24,
          "scalar_amplitude_fraction": 0.04669260700389105,
          "physical_energy_share": 0.01759093740451412,
          "zero_x0_target_share": 0.03351444740502935,
          "zero_velocity_target_share": 0.04010352626459144,
          "inverse_jacobian_sq_share": 0.07211480031871242,
          "coordinate_metric_sq_share": 0.0033023416959849328,
          "standardized_mean": 0.6174755096435547,
          "standardized_std": 0.5800790147695585
        },
        {
          "radius_bin": 8,
          "orbits": 28,
          "scalar_amplitude_fraction": 0.054474708171206226,
          "physical_energy_share": 0.013585231513624481,
          "zero_x0_target_share": 0.028783927283792005,
          "zero_velocity_target_share": 0.04162931663424124,
          "inverse_jacobian_sq_share": 0.06170884827024772,
          "coordinate_metric_sq_share": 0.005556110299558106,
          "standardized_mean": 0.4599930942058563,
          "standardized_std": 0.5628472754631029
        },
        {
          "radius_bin": 9,
          "orbits": 28,
          "scalar_amplitude_fraction": 0.054474708171206226,
          "physical_energy_share": 0.0096999058160349,
          "zero_x0_target_share": 0.02264488139462507,
          "zero_velocity_target_share": 0.038559800583657586,
          "inverse_jacobian_sq_share": 0.04708722952127289,
          "coordinate_metric_sq_share": 0.007709284714728152,
          "standardized_mean": 0.326911985874176,
          "standardized_std": 0.555719273578365
        },
        {
          "radius_bin": 10,
          "orbits": 34,
          "scalar_amplitude_fraction": 0.06614785992217899,
          "physical_energy_share": 0.007973776178397111,
          "zero_x0_target_share": 0.02176400231750958,
          "zero_velocity_target_share": 0.04395592979896239,
          "inverse_jacobian_sq_share": 0.041623493952454585,
          "coordinate_metric_sq_share": 0.012857001984283654,
          "standardized_mean": 0.1847929209470749,
          "standardized_std": 0.5430212503797954
        },
        {
          "radius_bin": 11,
          "orbits": 32,
          "scalar_amplitude_fraction": 0.0622568093385214,
          "physical_energy_share": 0.005759560222860255,
          "zero_x0_target_share": 0.01867352951209277,
          "zero_velocity_target_share": 0.04046517104409857,
          "inverse_jacobian_sq_share": 0.031128067577282842,
          "coordinate_metric_sq_share": 0.015789820200797222,
          "standardized_mean": 0.07823038846254349,
          "standardized_std": 0.54205498090155
        },
        {
          "radius_bin": 12,
          "orbits": 40,
          "scalar_amplitude_fraction": 0.07782101167315175,
          "physical_energy_share": 0.004839901039746161,
          "zero_x0_target_share": 0.022486588603334072,
          "zero_velocity_target_share": 0.05015379782749676,
          "inverse_jacobian_sq_share": 0.027601919164838524,
          "coordinate_metric_sq_share": 0.02830193866121537,
          "standardized_mean": -0.06615545600652695,
          "standardized_std": 0.5334567824160225
        },
        {
          "radius_bin": 13,
          "orbits": 46,
          "scalar_amplitude_fraction": 0.08949416342412451,
          "physical_energy_share": 0.0038728922800088405,
          "zero_x0_target_share": 0.02903339832792488,
          "zero_velocity_target_share": 0.05926378080415046,
          "inverse_jacobian_sq_share": 0.022843758606159746,
          "coordinate_metric_sq_share": 0.046310215770741396,
          "standardized_mean": -0.2069343477487564,
          "standardized_std": 0.5306551471458927
        },
        {
          "radius_bin": 14,
          "orbits": 44,
          "scalar_amplitude_fraction": 0.08560311284046693,
          "physical_energy_share": 0.002892207931352236,
          "zero_x0_target_share": 0.03380946805710324,
          "zero_velocity_target_share": 0.059706290531776916,
          "inverse_jacobian_sq_share": 0.017108031896759492,
          "coordinate_metric_sq_share": 0.06089337728879882,
          "standardized_mean": -0.32713961601257324,
          "standardized_std": 0.5365964598107833
        },
        {
          "radius_bin": 15,
          "orbits": 48,
          "scalar_amplitude_fraction": 0.0933852140077821,
          "physical_energy_share": 0.0024195487606466248,
          "zero_x0_target_share": 0.04588407614240751,
          "zero_velocity_target_share": 0.06963464656290531,
          "inverse_jacobian_sq_share": 0.01444361788818315,
          "coordinate_metric_sq_share": 0.09146885244942782,
          "standardized_mean": -0.4464965760707855,
          "standardized_std": 0.5403544262164035
        },
        {
          "radius_bin": 16,
          "orbits": 38,
          "scalar_amplitude_fraction": 0.07392996108949416,
          "physical_energy_share": 0.0012757104735604547,
          "zero_x0_target_share": 0.046387918522184275,
          "zero_velocity_target_share": 0.06015894130998703,
          "inverse_jacobian_sq_share": 0.00814617453191952,
          "coordinate_metric_sq_share": 0.10757079520496465,
          "standardized_mean": -0.5788655281066895,
          "standardized_std": 0.5407147169009507
        },
        {
          "radius_bin": 17,
          "orbits": 30,
          "scalar_amplitude_fraction": 0.058365758754863814,
          "physical_energy_share": 0.0003205139821248481,
          "zero_x0_target_share": 0.051017838779647294,
          "zero_velocity_target_share": 0.05469179636835279,
          "inverse_jacobian_sq_share": 0.0024180781022073612,
          "coordinate_metric_sq_share": 0.12621515074414294,
          "standardized_mean": -0.8067752122879028,
          "standardized_std": 0.472460989413482
        },
        {
          "radius_bin": 18,
          "orbits": 18,
          "scalar_amplitude_fraction": 0.03501945525291829,
          "physical_energy_share": 0.00012516609601691945,
          "zero_x0_target_share": 0.038840103674442045,
          "zero_velocity_target_share": 0.036929782749675746,
          "inverse_jacobian_sq_share": 0.0009690786762351756,
          "coordinate_metric_sq_share": 0.1057701053117972,
          "standardized_mean": -0.9450371265411377,
          "standardized_std": 0.4647641023937331
        },
        {
          "radius_bin": 19,
          "orbits": 16,
          "scalar_amplitude_fraction": 0.0311284046692607,
          "physical_energy_share": 6.806608981054088e-05,
          "zero_x0_target_share": 0.04432322588695033,
          "zero_velocity_target_share": 0.037725818741893645,
          "inverse_jacobian_sq_share": 0.00054278872346478,
          "coordinate_metric_sq_share": 0.1391999257173105,
          "standardized_mean": -1.1024038791656494,
          "standardized_std": 0.45671567247784456
        },
        {
          "radius_bin": 20,
          "orbits": 8,
          "scalar_amplitude_fraction": 0.01556420233463035,
          "physical_energy_share": 2.5431654024904232e-05,
          "zero_x0_target_share": 0.02578526908007334,
          "zero_velocity_target_share": 0.020674736543450065,
          "inverse_jacobian_sq_share": 0.0002060639988022537,
          "coordinate_metric_sq_share": 0.09049476950432389,
          "standardized_mean": -1.2036714553833008,
          "standardized_std": 0.4559371268663124
        },
        {
          "radius_bin": 21,
          "orbits": 6,
          "scalar_amplitude_fraction": 0.011673151750972763,
          "physical_energy_share": 1.2579198223505379e-05,
          "zero_x0_target_share": 0.022954165178069703,
          "zero_velocity_target_share": 0.017313659208819714,
          "inverse_jacobian_sq_share": 0.00010471211783632994,
          "coordinate_metric_sq_share": 0.09170445140479094,
          "standardized_mean": -1.3300198316574097,
          "standardized_std": 0.44435827087598845
        },
        {
          "radius_bin": 22,
          "orbits": 1,
          "scalar_amplitude_fraction": 0.0019455252918287938,
          "physical_energy_share": 8.969188832607048e-07,
          "zero_x0_target_share": 0.0063087620543928625,
          "zero_velocity_target_share": 0.004127144130998703,
          "inverse_jacobian_sq_share": 7.802473629604724e-06,
          "coordinate_metric_sq_share": 0.06291766465752463,
          "standardized_mean": -1.7206733226776123,
          "standardized_std": 0.5310247422578523
        }
      ],
      "cumulative_radius_0_2": {
        "scalar_amplitude_fraction": 0.02529182879377432,
        "physical_energy_share": 0.7630324240488506,
        "zero_x0_target_share": 0.3072616451192189,
        "zero_velocity_target_share": 0.16627675097276265,
        "inverse_jacobian_sq_share": 0.25159344213465523,
        "coordinate_metric_sq_share": 0.00020856312127101446
      },
      "cumulative_radius_0_5": {
        "scalar_amplitude_fraction": 0.10700389105058367,
        "physical_energy_share": 0.9081635748701457,
        "zero_x0_target_share": 0.47203430385640055,
        "zero_velocity_target_share": 0.2895191228923476,
        "inverse_jacobian_sq_share": 0.5758318453158109,
        "coordinate_metric_sq_share": 0.0022527292118310082
      }
    },
    {
      "name": "inverse_softplus_tau_5_eps_0p003",
      "description": "inverse-softplus amplitude with transition 5; logarithmic below the transition and linear above",
      "mean": -3.0974887757066005,
      "std": 1.3405405572002493,
      "standardized_lower_bound": -3.223171495135965,
      "gaussian_base_below_support_probability": 0.0006338981257816845,
      "standardized_moments": {
        "mean": -6.619615277369662e-12,
        "std": 0.9999999999914599,
        "skew": 0.6552048368254558,
        "excess_kurtosis": 2.299655950974377
      },
      "standardized_quantiles": {
        "p0": -3.2231717109680176,
        "p0.1": -2.698929786682129,
        "p1": -2.0967764854431152,
        "p5": -1.5133123397827148,
        "p10": -1.1988601684570312,
        "p50": -0.050653912127017975,
        "p90": 1.2492644786834717,
        "p99": 2.8309524059295654,
        "p99.9": 5.4035162925720215,
        "p100": 11.564287185668945
      },
      "standardized_tail_fractions": {
        "abs_gt_3": 0.007457003928720951,
        "abs_gt_4": 0.0024907912593334913,
        "abs_gt_8": 6.80933881085366e-05
      },
      "coordinate_metric_sq_moments": {
        "mean": 185.5162330953304,
        "std": 1125.194593000758,
        "skew": 21.63073141992002,
        "excess_kurtosis": 695.2560155125428,
        "finite_fraction": 1.0
      },
      "coordinate_metric_sq_quantiles": {
        "p0": 0.022258900105953217,
        "p0.1": 0.02296879142522812,
        "p1": 0.049936603754758835,
        "p5": 0.2406969517469406,
        "p10": 0.5900626182556152,
        "p50": 13.57766056060791,
        "p90": 276.50274658203125,
        "p99": 3032.063720703125,
        "p99.9": 15190.1748046875,
        "p100": 61870.6875
      },
      "inverse_jacobian_sq_moments": {
        "mean": 0.9247032251921148,
        "std": 3.523654303793876,
        "skew": 7.589521499744217,
        "excess_kurtosis": 68.90212815483689,
        "finite_fraction": 1.0
      },
      "inverse_jacobian_sq_quantiles": {
        "p0": 1.6162743122549728e-05,
        "p0.1": 6.583199865417555e-05,
        "p1": 0.0003298081865068525,
        "p5": 0.0015661714132875204,
        "p10": 0.0036166002973914146,
        "p50": 0.07365038245916367,
        "p90": 1.694734811782837,
        "p99": 20.0253849029541,
        "p99.9": 43.53733444213867,
        "p100": 44.92584991455078
      },
      "base_grid_valid_fraction": 0.8581070899963379,
      "base_grid_amplitude_quantiles_after_clamp": {
        "p0": 0.0,
        "p0.1": 0.0,
        "p1": 0.0,
        "p5": 0.0,
        "p10": 0.0,
        "p50": 0.21786172688007355,
        "p90": 9.456499099731445,
        "p99": 14.35956859588623,
        "p99.9": 14.873306274414062,
        "p100": 14.93056869506836
      },
      "radial": [
        {
          "radius_bin": 0,
          "orbits": 1,
          "scalar_amplitude_fraction": 0.0019455252918287938,
          "physical_energy_share": 0.30013461738004366,
          "zero_x0_target_share": 0.03982416909857328,
          "zero_velocity_target_share": 0.020884848549601074,
          "inverse_jacobian_sq_share": 0.06384580202866653,
          "coordinate_metric_sq_share": 0.0001092053736857915,
          "standardized_mean": 4.09417200088501,
          "standardized_std": 1.9254554560541317
        },
        {
          "radius_bin": 1,
          "orbits": 4,
          "scalar_amplitude_fraction": 0.007782101167315175,
          "physical_energy_share": 0.32654061732754375,
          "zero_x0_target_share": 0.07985715791180285,
          "zero_velocity_target_share": 0.04381963643447707,
          "inverse_jacobian_sq_share": 0.18146635268315847,
          "coordinate_metric_sq_share": 1.0919513375288921e-05,
          "standardized_mean": 2.9962990283966064,
          "standardized_std": 1.1330661856485225
        },
        {
          "radius_bin": 2,
          "orbits": 8,
          "scalar_amplitude_fraction": 0.01556420233463035,
          "physical_energy_share": 0.13635718934126329,
          "zero_x0_target_share": 0.07522427042801556,
          "zero_velocity_target_share": 0.045394239325177645,
          "inverse_jacobian_sq_share": 0.17142297493295952,
          "coordinate_metric_sq_share": 6.917326884536708e-05,
          "standardized_mean": 2.044246196746826,
          "standardized_std": 0.8088364931667358
        },
        {
          "radius_bin": 3,
          "orbits": 10,
          "scalar_amplitude_fraction": 0.019455252918287938,
          "physical_energy_share": 0.06772468765634769,
          "zero_x0_target_share": 0.06095578793774319,
          "zero_velocity_target_share": 0.04020552303537763,
          "inverse_jacobian_sq_share": 0.1218111897371211,
          "coordinate_metric_sq_share": 0.00021557388040223263,
          "standardized_mean": 1.6233469247817993,
          "standardized_std": 0.7056011170175549
        },
        {
          "radius_bin": 4,
          "orbits": 12,
          "scalar_amplitude_fraction": 0.023346303501945526,
          "physical_energy_share": 0.042240249587018996,
          "zero_x0_target_share": 0.052430560959792476,
          "zero_velocity_target_share": 0.03788843468796593,
          "inverse_jacobian_sq_share": 0.09206414116970826,
          "coordinate_metric_sq_share": 0.000426685591584609,
          "standardized_mean": 1.345644235610962,
          "standardized_std": 0.6595581842192559
        },
        {
          "radius_bin": 5,
          "orbits": 20,
          "scalar_amplitude_fraction": 0.038910505836575876,
          "physical_energy_share": 0.0351662135779283,
          "zero_x0_target_share": 0.058712414883268484,
          "zero_velocity_target_share": 0.04881146555197571,
          "inverse_jacobian_sq_share": 0.08902381687593096,
          "coordinate_metric_sq_share": 0.0012924091679893264,
          "standardized_mean": 1.0550425052642822,
          "standardized_std": 0.6291219885258147
        },
        {
          "radius_bin": 6,
          "orbits": 18,
          "scalar_amplitude_fraction": 0.03501945525291829,
          "physical_energy_share": 0.021374050873215207,
          "zero_x0_target_share": 0.04107281128404669,
          "zero_velocity_target_share": 0.03804613978898442,
          "inverse_jacobian_sq_share": 0.0577232410891061,
          "coordinate_metric_sq_share": 0.0016237050667643358,
          "standardized_mean": 0.8876455426216125,
          "standardized_std": 0.6204372792634013
        },
        {
          "radius_bin": 7,
          "orbits": 24,
          "scalar_amplitude_fraction": 0.04669260700389105,
          "physical_energy_share": 0.01759093740451412,
          "zero_x0_target_share": 0.03970298719195849,
          "zero_velocity_target_share": 0.043197801925927495,
          "inverse_jacobian_sq_share": 0.05094750143471565,
          "coordinate_metric_sq_share": 0.0032062339746085134,
          "standardized_mean": 0.6935995817184448,
          "standardized_std": 0.6076390388281664
        },
        {
          "radius_bin": 8,
          "orbits": 28,
          "scalar_amplitude_fraction": 0.054474708171206226,
          "physical_energy_share": 0.013585231513624481,
          "zero_x0_target_share": 0.034838103923476006,
          "zero_velocity_target_share": 0.044656415023113814,
          "inverse_jacobian_sq_share": 0.04136200363800267,
          "coordinate_metric_sq_share": 0.005429750401563244,
          "standardized_mean": 0.5289058685302734,
          "standardized_std": 0.5998221802571263
        },
        {
          "radius_bin": 9,
          "orbits": 28,
          "scalar_amplitude_fraction": 0.054474708171206226,
          "physical_energy_share": 0.0096999058160349,
          "zero_x0_target_share": 0.02771735570687419,
          "zero_velocity_target_share": 0.041096030550974744,
          "inverse_jacobian_sq_share": 0.03048348216762234,
          "coordinate_metric_sq_share": 0.007570228655019744,
          "standardized_mean": 0.38714271783828735,
          "standardized_std": 0.5991092921536406
        },
        {
          "radius_bin": 10,
          "orbits": 34,
          "scalar_amplitude_fraction": 0.06614785992217899,
          "physical_energy_share": 0.007973776178397111,
          "zero_x0_target_share": 0.026799098167963685,
          "zero_velocity_target_share": 0.046473479019032364,
          "inverse_jacobian_sq_share": 0.02593953800017014,
          "coordinate_metric_sq_share": 0.012670849790513255,
          "standardized_mean": 0.2341388463973999,
          "standardized_std": 0.5918768897002165
        },
        {
          "radius_bin": 11,
          "orbits": 32,
          "scalar_amplitude_fraction": 0.0622568093385214,
          "physical_energy_share": 0.005759560222860255,
          "zero_x0_target_share": 0.02287662735084306,
          "zero_velocity_target_share": 0.04256672211846447,
          "inverse_jacobian_sq_share": 0.019041773877311773,
          "coordinate_metric_sq_share": 0.01560378671521669,
          "standardized_mean": 0.11792086064815521,
          "standardized_std": 0.5946011496951474
        },
        {
          "radius_bin": 12,
          "orbits": 40,
          "scalar_amplitude_fraction": 0.07782101167315175,
          "physical_energy_share": 0.004839901039746161,
          "zero_x0_target_share": 0.02720824011024643,
          "zero_velocity_target_share": 0.0525146272707281,
          "inverse_jacobian_sq_share": 0.016409624915219755,
          "coordinate_metric_sq_share": 0.028059933621812753,
          "standardized_mean": -0.040529765188694,
          "standardized_std": 0.5899010418821331
        },
        {
          "radius_bin": 13,
          "orbits": 46,
          "scalar_amplitude_fraction": 0.08949416342412451,
          "physical_energy_share": 0.0038728922800088405,
          "zero_x0_target_share": 0.034646295395590145,
          "zero_velocity_target_share": 0.06207022938198634,
          "inverse_jacobian_sq_share": 0.0133384832956879,
          "coordinate_metric_sq_share": 0.046033390087784155,
          "standardized_mean": -0.19647277891635895,
          "standardized_std": 0.5903669682198478
        },
        {
          "radius_bin": 14,
          "orbits": 44,
          "scalar_amplitude_fraction": 0.08560311284046693,
          "physical_energy_share": 0.002892207931352236,
          "zero_x0_target_share": 0.040076998216601815,
          "zero_velocity_target_share": 0.06284005757717624,
          "inverse_jacobian_sq_share": 0.009973608937715702,
          "coordinate_metric_sq_share": 0.06065215803832563,
          "standardized_mean": -0.33070671558380127,
          "standardized_std": 0.5990035717888448
        },
        {
          "radius_bin": 15,
          "orbits": 48,
          "scalar_amplitude_fraction": 0.0933852140077821,
          "physical_energy_share": 0.0024195487606466248,
          "zero_x0_target_share": 0.0543571376459144,
          "zero_velocity_target_share": 0.07387118669722352,
          "inverse_jacobian_sq_share": 0.00838184853179304,
          "coordinate_metric_sq_share": 0.09126764157783458,
          "standardized_mean": -0.46446484327316284,
          "standardized_std": 0.6052658718169054
        },
        {
          "radius_bin": 16,
          "orbits": 38,
          "scalar_amplitude_fraction": 0.07392996108949416,
          "physical_energy_share": 0.0012757104735604547,
          "zero_x0_target_share": 0.05517311121919585,
          "zero_velocity_target_share": 0.06455153628738887,
          "inverse_jacobian_sq_share": 0.004575712925951701,
          "coordinate_metric_sq_share": 0.10755159715186084,
          "standardized_mean": -0.6131802797317505,
          "standardized_std": 0.6085218691548107
        },
        {
          "radius_bin": 17,
          "orbits": 30,
          "scalar_amplitude_fraction": 0.058365758754863814,
          "physical_energy_share": 0.0003205139821248481,
          "zero_x0_target_share": 0.06092393806744488,
          "zero_velocity_target_share": 0.05964484822599535,
          "inverse_jacobian_sq_share": 0.0012532918367589895,
          "coordinate_metric_sq_share": 0.12632998668212336,
          "standardized_mean": -0.8695485591888428,
          "standardized_std": 0.5363912189796345
        },
        {
          "radius_bin": 18,
          "orbits": 18,
          "scalar_amplitude_fraction": 0.03501945525291829,
          "physical_energy_share": 0.00012516609601691945,
          "zero_x0_target_share": 0.046684573605706874,
          "zero_velocity_target_share": 0.04085201302542237,
          "inverse_jacobian_sq_share": 0.0004977934200833401,
          "coordinate_metric_sq_share": 0.10597817575695422,
          "standardized_mean": -1.0264325141906738,
          "standardized_std": 0.5287155371038387
        },
        {
          "radius_bin": 19,
          "orbits": 16,
          "scalar_amplitude_fraction": 0.0311284046692607,
          "physical_energy_share": 6.806608981054088e-05,
          "zero_x0_target_share": 0.05366581549935149,
          "zero_velocity_target_share": 0.04239710878061665,
          "inverse_jacobian_sq_share": 0.0002764718910572699,
          "coordinate_metric_sq_share": 0.13962590476456388,
          "standardized_mean": -1.2054338455200195,
          "standardized_std": 0.5205222549941141
        },
        {
          "radius_bin": 20,
          "orbits": 8,
          "scalar_amplitude_fraction": 0.01556420233463035,
          "physical_energy_share": 2.5431654024904232e-05,
          "zero_x0_target_share": 0.03136434419584955,
          "zero_velocity_target_share": 0.023464276813506928,
          "inverse_jacobian_sq_share": 0.00010460002081350219,
          "coordinate_metric_sq_share": 0.09082982935900046,
          "standardized_mean": -1.320853590965271,
          "standardized_std": 0.520100684586365
        },
        {
          "radius_bin": 21,
          "orbits": 6,
          "scalar_amplitude_fraction": 0.011673151750972763,
          "physical_energy_share": 1.2579198223505379e-05,
          "zero_x0_target_share": 0.028058163099870297,
          "zero_velocity_target_share": 0.019865660740315223,
          "inverse_jacobian_sq_share": 5.288014929674431e-05,
          "coordinate_metric_sq_share": 0.09210116105001641,
          "standardized_mean": -1.4649760723114014,
          "standardized_std": 0.5074394023716238
        },
        {
          "radius_bin": 22,
          "orbits": 1,
          "scalar_amplitude_fraction": 0.0019455252918287938,
          "physical_energy_share": 8.969188832607048e-07,
          "zero_x0_target_share": 0.007830020367217898,
          "zero_velocity_target_share": 0.004887773399823178,
          "inverse_jacobian_sq_share": 3.922513140416942e-06,
          "coordinate_metric_sq_share": 0.06334174694351957,
          "standardized_mean": -1.9118834733963013,
          "standardized_std": 0.6077267670681834
        }
      ],
      "cumulative_radius_0_2": {
        "scalar_amplitude_fraction": 0.02529182879377432,
        "physical_energy_share": 0.7630324240488506,
        "zero_x0_target_share": 0.1949055974383917,
        "zero_velocity_target_share": 0.11009872430925578,
        "inverse_jacobian_sq_share": 0.41673512964478454,
        "coordinate_metric_sq_share": 0.0001892981559064475
      },
      "cumulative_radius_0_5": {
        "scalar_amplitude_fraction": 0.10700389105058367,
        "physical_energy_share": 0.9081635748701457,
        "zero_x0_target_share": 0.36700436121919583,
        "zero_velocity_target_share": 0.23700414758457505,
        "inverse_jacobian_sq_share": 0.7196342774275448,
        "coordinate_metric_sq_share": 0.0021239667958826156
      }
    },
    {
      "name": "log1p_squared_tau_1",
      "description": "squared log1p; suppresses the derivative at zero",
      "mean": 0.22751802253806233,
      "std": 0.6928842258515496,
      "standardized_lower_bound": -0.32836369201282417,
      "gaussian_base_below_support_probability": 0.3713183459858329,
      "standardized_moments": {
        "mean": 1.5864586218286803e-12,
        "std": 1.0000000000037348,
        "skew": 7.972880142017926,
        "excess_kurtosis": 90.30596837250673
      },
      "standardized_quantiles": {
        "p0": -0.32836368680000305,
        "p0.1": -0.3283502459526062,
        "p1": -0.32820427417755127,
        "p5": -0.3273683488368988,
        "p10": -0.32591351866722107,
        "p50": -0.27877360582351685,
        "p90": 0.4424275755882263,
        "p99": 4.732100009918213,
        "p99.9": 13.382338523864746,
        "p100": 24.449804306030273
      },
      "standardized_tail_fractions": {
        "abs_gt_3": 0.017477432265877724,
        "abs_gt_4": 0.011636964976787567,
        "abs_gt_8": 0.0033313229214400053
      },
      "coordinate_metric_sq_moments": {
        "mean": 0.34031976232977934,
        "std": 0.3499167364242864,
        "skew": 0.9467221266907885,
        "excess_kurtosis": -0.4209216967159919,
        "finite_fraction": 1.0
      },
      "coordinate_metric_sq_quantiles": {
        "p0": 0.0,
        "p0.1": 7.710999489063397e-05,
        "p1": 0.0009012094815261662,
        "p5": 0.0054520778357982635,
        "p10": 0.013025865890085697,
        "p50": 0.1963941901922226,
        "p90": 0.9626498818397522,
        "p99": 1.12558913230896,
        "p99.9": 1.1275660991668701,
        "p100": 1.1275863647460938
      },
      "inverse_jacobian_sq_moments": {
        "mean": 410721201.21923774,
        "std": 337599574674.5883,
        "skew": 1432.3471199852759,
        "excess_kurtosis": 2259623.3114310233,
        "finite_fraction": 0.9999983138780805
      },
      "inverse_jacobian_sq_quantiles": {
        "p0": 0.8868500590324402,
        "p0.1": 0.8868659734725952,
        "p1": 0.8884236812591553,
        "p5": 0.9259669184684753,
        "p10": 1.0387990474700928,
        "p50": 5.091800212860107,
        "p90": 76.77032470703125,
        "p99": 1109.6195068359375,
        "p99.9": 12968.48046875,
        "p100": 1.0000000150474662e+30
      },
      "base_grid_valid_fraction": 0.5364731550216675,
      "base_grid_amplitude_quantiles_after_clamp": {
        "p0": 0.0,
        "p0.1": 0.0,
        "p1": 0.0,
        "p5": 0.0,
        "p10": 0.0,
        "p50": 0.6112149953842163,
        "p90": 4.206035137176514,
        "p99": 5.1223320960998535,
        "p99.9": 5.217479228973389,
        "p100": 5.228092193603516
      },
      "radial": [
        {
          "radius_bin": 0,
          "orbits": 1,
          "scalar_amplitude_fraction": 0.0019455252918287938,
          "physical_energy_share": 0.30013461738004366,
          "zero_x0_target_share": 0.21415079674767856,
          "zero_velocity_target_share": 0.10804816796368352,
          "inverse_jacobian_sq_share": 0.0,
          "coordinate_metric_sq_share": 0.002501578554259927,
          "standardized_mean": 8.950202941894531,
          "standardized_std": 5.474247658202053
        },
        {
          "radius_bin": 1,
          "orbits": 4,
          "scalar_amplitude_fraction": 0.007782101167315175,
          "physical_energy_share": 0.32654061732754375,
          "zero_x0_target_share": 0.3379282854780619,
          "zero_velocity_target_share": 0.17285520428015563,
          "inverse_jacobian_sq_share": 0.0,
          "coordinate_metric_sq_share": 0.015176968567462775,
          "standardized_mean": 5.491487503051758,
          "standardized_std": 3.6424379763548638
        },
        {
          "radius_bin": 2,
          "orbits": 8,
          "scalar_amplitude_fraction": 0.01556420233463035,
          "physical_energy_share": 0.13635718934126329,
          "zero_x0_target_share": 0.1753155366202635,
          "zero_velocity_target_share": 0.09543987516212711,
          "inverse_jacobian_sq_share": 0.0,
          "coordinate_metric_sq_share": 0.04074317131061024,
          "standardized_mean": 2.5422656536102295,
          "standardized_std": 2.1910980893165513
        },
        {
          "radius_bin": 3,
          "orbits": 10,
          "scalar_amplitude_fraction": 0.019455252918287938,
          "physical_energy_share": 0.06772468765634769,
          "zero_x0_target_share": 0.08580865202278522,
          "zero_velocity_target_share": 0.052631955252918285,
          "inverse_jacobian_sq_share": 0.0,
          "coordinate_metric_sq_share": 0.05343392696767422,
          "standardized_mean": 1.4740594625473022,
          "standardized_std": 1.495899085376346
        },
        {
          "radius_bin": 4,
          "orbits": 12,
          "scalar_amplitude_fraction": 0.023346303501945526,
          "physical_energy_share": 0.042240249587018996,
          "zero_x0_target_share": 0.04828944239368078,
          "zero_velocity_target_share": 0.035817874513618675,
          "inverse_jacobian_sq_share": 0.0,
          "coordinate_metric_sq_share": 0.062417297590139434,
          "standardized_mean": 0.9197677969932556,
          "standardized_std": 1.105633291325238
        },
        {
          "radius_bin": 5,
          "orbits": 20,
          "scalar_amplitude_fraction": 0.038910505836575876,
          "physical_energy_share": 0.0351662135779283,
          "zero_x0_target_share": 0.032917621081866334,
          "zero_velocity_target_share": 0.035914068579766534,
          "inverse_jacobian_sq_share": 0.0,
          "coordinate_metric_sq_share": 0.09454264614554367,
          "standardized_mean": 0.48102933168411255,
          "standardized_std": 0.783960357045824
        },
        {
          "radius_bin": 6,
          "orbits": 18,
          "scalar_amplitude_fraction": 0.03501945525291829,
          "physical_energy_share": 0.021374050873215207,
          "zero_x0_target_share": 0.01740657717856179,
          "zero_velocity_target_share": 0.026213016780155644,
          "inverse_jacobian_sq_share": 0.0,
          "coordinate_metric_sq_share": 0.07759748927679411,
          "standardized_mean": 0.2919175922870636,
          "standardized_std": 0.6417465169244697
        },
        {
          "radius_bin": 7,
          "orbits": 24,
          "scalar_amplitude_fraction": 0.04669260700389105,
          "physical_energy_share": 0.01759093740451412,
          "zero_x0_target_share": 0.011862832604550415,
          "zero_velocity_target_share": 0.029277721708819714,
          "inverse_jacobian_sq_share": 0.0,
          "coordinate_metric_sq_share": 0.09017403783654307,
          "standardized_mean": 0.1147230714559555,
          "standardized_std": 0.49081662757769057
        },
        {
          "radius_bin": 8,
          "orbits": 28,
          "scalar_amplitude_fraction": 0.054474708171206226,
          "physical_energy_share": 0.013585231513624481,
          "zero_x0_target_share": 0.008111469460183563,
          "zero_velocity_target_share": 0.03129308933203632,
          "inverse_jacobian_sq_share": 0.0,
          "coordinate_metric_sq_share": 0.09091849053428996,
          "standardized_mean": -0.000346262298990041,
          "standardized_std": 0.3858798991840634
        },
        {
          "radius_bin": 9,
          "orbits": 28,
          "scalar_amplitude_fraction": 0.054474708171206226,
          "physical_energy_share": 0.0096999058160349,
          "zero_x0_target_share": 0.005843150764062856,
          "zero_velocity_target_share": 0.0301589311770428,
          "inverse_jacobian_sq_share": 0.0,
          "coordinate_metric_sq_share": 0.07851058033462462,
          "standardized_mean": -0.07558469474315643,
          "standardized_std": 0.31866992658990534
        },
        {
          "radius_bin": 10,
          "orbits": 34,
          "scalar_amplitude_fraction": 0.06614785992217899,
          "physical_energy_share": 0.007973776178397111,
          "zero_x0_target_share": 0.005487788939669978,
          "zero_velocity_target_share": 0.03581782587548638,
          "inverse_jacobian_sq_share": 0.0,
          "coordinate_metric_sq_share": 0.07958350237464534,
          "standardized_mean": -0.1419600248336792,
          "standardized_std": 0.2506188857698405
        },
        {
          "radius_bin": 11,
          "orbits": 32,
          "scalar_amplitude_fraction": 0.0622568093385214,
          "physical_energy_share": 0.005759560222860255,
          "zero_x0_target_share": 0.004910909315926763,
          "zero_velocity_target_share": 0.03358385821984436,
          "inverse_jacobian_sq_share": 0.0,
          "coordinate_metric_sq_share": 0.06452749531178333,
          "standardized_mean": -0.17896924912929535,
          "standardized_std": 0.21645205771520445
        },
        {
          "radius_bin": 12,
          "orbits": 40,
          "scalar_amplitude_fraction": 0.07782101167315175,
          "physical_energy_share": 0.004839901039746161,
          "zero_x0_target_share": 0.006038721641457741,
          "zero_velocity_target_share": 0.04192986786640726,
          "inverse_jacobian_sq_share": 0.0,
          "coordinate_metric_sq_share": 0.0643763347435301,
          "standardized_mean": -0.2209569811820984,
          "standardized_std": 0.16963368530241774
        },
        {
          "radius_bin": 13,
          "orbits": 46,
          "scalar_amplitude_fraction": 0.08949416342412451,
          "physical_energy_share": 0.0038728922800088405,
          "zero_x0_target_share": 0.0073251246668207095,
          "zero_velocity_target_share": 0.048409638456549935,
          "inverse_jacobian_sq_share": 0.0,
          "coordinate_metric_sq_share": 0.05831214838374909,
          "standardized_mean": -0.25024133920669556,
          "standardized_std": 0.13867075406318838
        },
        {
          "radius_bin": 14,
          "orbits": 44,
          "scalar_amplitude_fraction": 0.08560311284046693,
          "physical_energy_share": 0.002892207931352236,
          "zero_x0_target_share": 0.0074742709565972145,
          "zero_velocity_target_share": 0.046538687581063554,
          "inverse_jacobian_sq_share": 0.0,
          "coordinate_metric_sq_share": 0.04524312507634252,
          "standardized_mean": -0.2670009136199951,
          "standardized_std": 0.12658427075841464
        },
        {
          "radius_bin": 15,
          "orbits": 48,
          "scalar_amplitude_fraction": 0.0933852140077821,
          "physical_energy_share": 0.0024195487606466248,
          "zero_x0_target_share": 0.008535753540158656,
          "zero_velocity_target_share": 0.050960481517509724,
          "inverse_jacobian_sq_share": 0.0,
          "coordinate_metric_sq_share": 0.03968406476532429,
          "standardized_mean": -0.2807115316390991,
          "standardized_std": 0.1122707274131359
        },
        {
          "radius_bin": 16,
          "orbits": 38,
          "scalar_amplitude_fraction": 0.07392996108949416,
          "physical_energy_share": 0.0012757104735604547,
          "zero_x0_target_share": 0.006873690377841091,
          "zero_velocity_target_share": 0.04040182392996109,
          "inverse_jacobian_sq_share": NaN,
          "coordinate_metric_sq_share": 0.024374964687119062,
          "standardized_mean": -0.2940863072872162,
          "standardized_std": 0.08055405444033632
        },
        {
          "radius_bin": 17,
          "orbits": 30,
          "scalar_amplitude_fraction": 0.058365758754863814,
          "physical_energy_share": 0.0003205139821248481,
          "zero_x0_target_share": 0.005813045282065805,
          "zero_velocity_target_share": 0.03208940296692607,
          "inverse_jacobian_sq_share": 0.0,
          "coordinate_metric_sq_share": 0.00987112483709626,
          "standardized_mean": -0.31493353843688965,
          "standardized_std": 0.02033989992166227
        },
        {
          "radius_bin": 18,
          "orbits": 18,
          "scalar_amplitude_fraction": 0.03501945525291829,
          "physical_energy_share": 0.00012516609601691945,
          "zero_x0_target_share": 0.003579630270046675,
          "zero_velocity_target_share": 0.019299541990920883,
          "inverse_jacobian_sq_share": 0.0,
          "coordinate_metric_sq_share": 0.004146810068961233,
          "standardized_mean": -0.3193909227848053,
          "standardized_std": 0.014414643236414323
        },
        {
          "radius_bin": 19,
          "orbits": 16,
          "scalar_amplitude_fraction": 0.0311284046692607,
          "physical_energy_share": 6.806608981054088e-05,
          "zero_x0_target_share": 0.0032451481358529094,
          "zero_velocity_target_share": 0.017186776507782102,
          "inverse_jacobian_sq_share": 0.0,
          "coordinate_metric_sq_share": 0.00241782025650705,
          "standardized_mean": -0.3227353096008301,
          "standardized_std": 0.009607585508469596
        },
        {
          "radius_bin": 20,
          "orbits": 8,
          "scalar_amplitude_fraction": 0.01556420233463035,
          "physical_energy_share": 2.5431654024904232e-05,
          "zero_x0_target_share": 0.0016359746324757047,
          "zero_velocity_target_share": 0.008600089169909208,
          "inverse_jacobian_sq_share": 0.0,
          "coordinate_metric_sq_share": 0.0009300803572891788,
          "standardized_mean": -0.32411468029022217,
          "standardized_std": 0.007813931331018858
        },
        {
          "radius_bin": 21,
          "orbits": 6,
          "scalar_amplitude_fraction": 0.011673151750972763,
          "physical_energy_share": 1.2579198223505379e-05,
          "zero_x0_target_share": 0.0012372700285898167,
          "zero_velocity_target_share": 0.00645521086656939,
          "inverse_jacobian_sq_share": 0.0,
          "coordinate_metric_sq_share": 0.0004807224586087778,
          "standardized_mean": -0.3255176246166229,
          "standardized_std": 0.005577336536155002
        },
        {
          "radius_bin": 22,
          "orbits": 1,
          "scalar_amplitude_fraction": 0.0019455252918287938,
          "physical_energy_share": 8.969188832607048e-07,
          "zero_x0_target_share": 0.00020822135079628075,
          "zero_velocity_target_share": 0.0010768732014023994,
          "inverse_jacobian_sq_share": NaN,
          "coordinate_metric_sq_share": 3.5591955467351626e-05,
          "standardized_mean": -0.3271302878856659,
          "standardized_std": 0.003405437062594283
        }
      ],
      "cumulative_radius_0_2": {
        "scalar_amplitude_fraction": 0.02529182879377432,
        "physical_energy_share": 0.7630324240488506,
        "zero_x0_target_share": 0.727394618846004,
        "zero_velocity_target_share": 0.37634324740596625,
        "inverse_jacobian_sq_share": 0.0,
        "coordinate_metric_sq_share": 0.058421718432332945
      },
      "cumulative_radius_0_5": {
        "scalar_amplitude_fraction": 0.10700389105058367,
        "physical_energy_share": 0.9081635748701457,
        "zero_x0_target_share": 0.8944103343443364,
        "zero_velocity_target_share": 0.5007071457522697,
        "inverse_jacobian_sq_share": 0.0,
        "coordinate_metric_sq_share": 0.26881558913569026
      }
    },
    {
      "name": "raw",
      "description": "uncompressed physical amplitude",
      "mean": 0.5095397083928218,
      "std": 1.3159032973048528,
      "standardized_lower_bound": -0.3872166818309733,
      "gaussian_base_below_support_probability": 0.349297900641767,
      "standardized_moments": {
        "mean": -1.286551623270592e-12,
        "std": 0.9999999999163871,
        "skew": 12.329899279899584,
        "excess_kurtosis": 244.9027022514759
      },
      "standardized_quantiles": {
        "p0": -0.3872166872024536,
        "p0.1": -0.3848942220211029,
        "p1": -0.37918755412101746,
        "p5": -0.3669954240322113,
        "p10": -0.35525113344192505,
        "p50": -0.2324502170085907,
        "p90": 0.43103650212287903,
        "p99": 3.7959482669830322,
        "p99.9": 15.42414665222168,
        "p100": 46.74509048461914
      },
      "standardized_tail_fractions": {
        "abs_gt_3": 0.012428339570760727,
        "abs_gt_4": 0.008306873962283134,
        "abs_gt_8": 0.0028247081208974123
      },
      "coordinate_metric_sq_moments": {
        "mean": 0.57750004529953,
        "std": 1e-12,
        "skew": 0.0,
        "excess_kurtosis": -3.0,
        "finite_fraction": 1.0
      },
      "coordinate_metric_sq_quantiles": {
        "p0": 0.57750004529953,
        "p0.1": 0.57750004529953,
        "p1": 0.57750004529953,
        "p5": 0.57750004529953,
        "p10": 0.57750004529953,
        "p50": 0.57750004529953,
        "p90": 0.57750004529953,
        "p99": 0.57750004529953,
        "p99.9": 0.57750004529953,
        "p100": 0.57750004529953
      },
      "inverse_jacobian_sq_moments": {
        "mean": 1.7316014766693115,
        "std": 1e-12,
        "skew": 0.0,
        "excess_kurtosis": -3.0,
        "finite_fraction": 1.0
      },
      "inverse_jacobian_sq_quantiles": {
        "p0": 1.7316014766693115,
        "p0.1": 1.7316014766693115,
        "p1": 1.7316014766693115,
        "p5": 1.7316014766693115,
        "p10": 1.7316014766693115,
        "p50": 1.7316014766693115,
        "p90": 1.7316014766693115,
        "p99": 1.7316014766693115,
        "p99.9": 1.7316014766693115,
        "p100": 1.7316014766693115
      },
      "base_grid_valid_fraction": 0.543022871017456,
      "base_grid_amplitude_quantiles_after_clamp": {
        "p0": 0.0,
        "p0.1": 0.0,
        "p1": 0.0,
        "p5": 0.0,
        "p10": 0.0,
        "p50": 0.5095398426055908,
        "p90": 5.246791362762451,
        "p99": 6.312673091888428,
        "p99.9": 6.419261455535889,
        "p100": 6.43110466003418
      },
      "radial": [
        {
          "radius_bin": 0,
          "orbits": 1,
          "scalar_amplitude_fraction": 0.0019455252918287938,
          "physical_energy_share": 0.30013461738004366,
          "zero_x0_target_share": 0.329612224383917,
          "zero_velocity_target_share": 0.1657788748378729,
          "inverse_jacobian_sq_share": 0.0019455252986596606,
          "coordinate_metric_sq_share": 0.0019455252926822092,
          "standardized_mean": 10.109582901000977,
          "standardized_std": 8.198597661072196
        },
        {
          "radius_bin": 1,
          "orbits": 4,
          "scalar_amplitude_fraction": 0.007782101167315175,
          "physical_energy_share": 0.32654061732754375,
          "zero_x0_target_share": 0.3435607003891051,
          "zero_velocity_target_share": 0.1756714007782101,
          "inverse_jacobian_sq_share": 0.0077821011946386425,
          "coordinate_metric_sq_share": 0.007782101170728837,
          "standardized_mean": 5.106189727783203,
          "standardized_std": 4.251397250837844
        },
        {
          "radius_bin": 2,
          "orbits": 8,
          "scalar_amplitude_fraction": 0.01556420233463035,
          "physical_energy_share": 0.13635718934126329,
          "zero_x0_target_share": 0.1290988813229572,
          "zero_velocity_target_share": 0.07233153372243839,
          "inverse_jacobian_sq_share": 0.015564202389277285,
          "coordinate_metric_sq_share": 0.015564202341457674,
          "standardized_mean": 2.1047632694244385,
          "standardized_std": 1.9658523068426967
        },
        {
          "radius_bin": 3,
          "orbits": 10,
          "scalar_amplitude_fraction": 0.019455252918287938,
          "physical_energy_share": 0.06772468765634769,
          "zero_x0_target_share": 0.056804624675745784,
          "zero_velocity_target_share": 0.038129936770428016,
          "inverse_jacobian_sq_share": 0.019455254156951783,
          "coordinate_metric_sq_share": 0.019455252488166548,
          "standardized_mean": 1.2051289081573486,
          "standardized_std": 1.2113720974571955
        },
        {
          "radius_bin": 4,
          "orbits": 12,
          "scalar_amplitude_fraction": 0.023346303501945526,
          "physical_energy_share": 0.042240249587018996,
          "zero_x0_target_share": 0.031159583738651103,
          "zero_velocity_target_share": 0.02725294260700389,
          "inverse_jacobian_sq_share": 0.023346301243205574,
          "coordinate_metric_sq_share": 0.023346302634875422,
          "standardized_mean": 0.7695491313934326,
          "standardized_std": 0.8616630117170865
        },
        {
          "radius_bin": 5,
          "orbits": 20,
          "scalar_amplitude_fraction": 0.038910505836575876,
          "physical_energy_share": 0.0351662135779283,
          "zero_x0_target_share": 0.021632646319714656,
          "zero_velocity_target_share": 0.03027157709143969,
          "inverse_jacobian_sq_share": 0.03891051065461392,
          "coordinate_metric_sq_share": 0.038910504976333096,
          "standardized_mean": 0.4304882884025574,
          "standardized_std": 0.6088011990812514
        },
        {
          "radius_bin": 6,
          "orbits": 18,
          "scalar_amplitude_fraction": 0.03501945525291829,
          "physical_energy_share": 0.021374050873215207,
          "zero_x0_target_share": 0.01169956630998703,
          "zero_velocity_target_share": 0.023359512808041504,
          "inverse_jacobian_sq_share": 0.03501944952409801,
          "coordinate_metric_sq_share": 0.03501945132037986,
          "standardized_mean": 0.28128573298454285,
          "standardized_std": 0.5049415385043959
        },
        {
          "radius_bin": 7,
          "orbits": 24,
          "scalar_amplitude_fraction": 0.04669260700389105,
          "physical_energy_share": 0.01759093740451412,
          "zero_x0_target_share": 0.008268421185959792,
          "zero_velocity_target_share": 0.027480516374837873,
          "inverse_jacobian_sq_share": 0.04669260716783186,
          "coordinate_metric_sq_share": 0.046692605269750845,
          "standardized_mean": 0.13714227080345154,
          "standardized_std": 0.39783668216580526
        },
        {
          "radius_bin": 8,
          "orbits": 28,
          "scalar_amplitude_fraction": 0.054474708171206226,
          "physical_energy_share": 0.013585231513624481,
          "zero_x0_target_share": 0.005831165389915694,
          "zero_velocity_target_share": 0.030152936527237353,
          "inverse_jacobian_sq_share": 0.05447470602176014,
          "coordinate_metric_sq_share": 0.05447470907241295,
          "standardized_mean": 0.03847701475024223,
          "standardized_std": 0.32490468740614015
        },
        {
          "radius_bin": 9,
          "orbits": 28,
          "scalar_amplitude_fraction": 0.054474708171206226,
          "physical_energy_share": 0.0096999058160349,
          "zero_x0_target_share": 0.004271501601005188,
          "zero_velocity_target_share": 0.029373103112840467,
          "inverse_jacobian_sq_share": 0.05447470602176014,
          "coordinate_metric_sq_share": 0.05447470907241295,
          "standardized_mean": -0.030459212139248848,
          "standardized_std": 0.27836091515165823
        },
        {
          "radius_bin": 10,
          "orbits": 34,
          "scalar_amplitude_fraction": 0.06614785992217899,
          "physical_energy_share": 0.007973776178397111,
          "zero_x0_target_share": 0.004104809095330739,
          "zero_velocity_target_share": 0.035126337548638135,
          "inverse_jacobian_sq_share": 0.06614786600620434,
          "coordinate_metric_sq_share": 0.06614785249405085,
          "standardized_mean": -0.09474408626556396,
          "standardized_std": 0.23038795806269732
        },
        {
          "radius_bin": 11,
          "orbits": 32,
          "scalar_amplitude_fraction": 0.0622568093385214,
          "physical_energy_share": 0.005759560222860255,
          "zero_x0_target_share": 0.003754940570282101,
          "zero_velocity_target_share": 0.033005875081063556,
          "inverse_jacobian_sq_share": 0.06225680955710914,
          "coordinate_metric_sq_share": 0.062256802347341975,
          "standardized_mean": -0.13411931693553925,
          "standardized_std": 0.20573221767268776
        },
        {
          "radius_bin": 12,
          "orbits": 40,
          "scalar_amplitude_fraction": 0.07782101167315175,
          "physical_energy_share": 0.004839901039746161,
          "zero_x0_target_share": 0.004834183994001297,
          "zero_velocity_target_share": 0.04132760214007782,
          "inverse_jacobian_sq_share": 0.07782101194638642,
          "coordinate_metric_sq_share": 0.07782101697115491,
          "standardized_mean": -0.18147245049476624,
          "standardized_std": 0.1708420674872705
        },
        {
          "radius_bin": 13,
          "orbits": 46,
          "scalar_amplitude_fraction": 0.08949416342412451,
          "physical_energy_share": 0.0038728922800088405,
          "zero_x0_target_share": 0.006194484131809339,
          "zero_velocity_target_share": 0.047844321498054475,
          "inverse_jacobian_sq_share": 0.08949413916088568,
          "coordinate_metric_sq_share": 0.08949416039279282,
          "standardized_mean": -0.21872694790363312,
          "standardized_std": 0.1462024043723123
        },
        {
          "radius_bin": 14,
          "orbits": 44,
          "scalar_amplitude_fraction": 0.08560311284046693,
          "physical_energy_share": 0.002892207931352236,
          "zero_x0_target_share": 0.006652295111867704,
          "zero_velocity_target_share": 0.0461277034695201,
          "inverse_jacobian_sq_share": 0.08560312016315613,
          "coordinate_metric_sq_share": 0.0856030962091065,
          "standardized_mean": -0.24378547072410583,
          "standardized_std": 0.13520184720574127
        },
        {
          "radius_bin": 15,
          "orbits": 48,
          "scalar_amplitude_fraction": 0.0933852140077821,
          "physical_energy_share": 0.0024195487606466248,
          "zero_x0_target_share": 0.007988950024319066,
          "zero_velocity_target_share": 0.050687082522697796,
          "inverse_jacobian_sq_share": 0.0933852049728223,
          "coordinate_metric_sq_share": 0.09338521755799041,
          "standardized_mean": -0.2656019628047943,
          "standardized_std": 0.12249060505996937
        },
        {
          "radius_bin": 16,
          "orbits": 38,
          "scalar_amplitude_fraction": 0.07392996108949416,
          "physical_energy_share": 0.0012757104735604547,
          "zero_x0_target_share": 0.006828801880674449,
          "zero_velocity_target_share": 0.040379381485084305,
          "inverse_jacobian_sq_share": 0.07392997890439475,
          "coordinate_metric_sq_share": 0.07392994576897988,
          "standardized_mean": -0.28725823760032654,
          "standardized_std": 0.09925337045214803
        },
        {
          "radius_bin": 17,
          "orbits": 30,
          "scalar_amplitude_fraction": 0.058365758754863814,
          "physical_energy_share": 0.0003205139821248481,
          "zero_x0_target_share": 0.006203063189040208,
          "zero_velocity_target_share": 0.03228441147859922,
          "inverse_jacobian_sq_share": 0.05836575778943464,
          "coordinate_metric_sq_share": 0.0583657522006331,
          "standardized_mean": -0.3226889371871948,
          "standardized_std": 0.046379026111713406
        },
        {
          "radius_bin": 18,
          "orbits": 18,
          "scalar_amplitude_fraction": 0.03501945525291829,
          "physical_energy_share": 0.00012516609601691945,
          "zero_x0_target_share": 0.003990039822470817,
          "zero_velocity_target_share": 0.01950474829766537,
          "inverse_jacobian_sq_share": 0.03501944952409801,
          "coordinate_metric_sq_share": 0.03501945132037986,
          "standardized_mean": -0.3354251980781555,
          "standardized_std": 0.037785348551742905
        },
        {
          "radius_bin": 19,
          "orbits": 16,
          "scalar_amplitude_fraction": 0.0311284046692607,
          "physical_energy_share": 6.806608981054088e-05,
          "zero_x0_target_share": 0.0037763010700389106,
          "zero_velocity_target_share": 0.017452352869649804,
          "inverse_jacobian_sq_share": 0.03112840477855457,
          "coordinate_metric_sq_share": 0.031128401173670987,
          "standardized_mean": -0.3470097780227661,
          "standardized_std": 0.02996470545071584
        },
        {
          "radius_bin": 20,
          "orbits": 8,
          "scalar_amplitude_fraction": 0.01556420233463035,
          "physical_energy_share": 2.5431654024904232e-05,
          "zero_x0_target_share": 0.0019496397738326848,
          "zero_velocity_target_share": 0.008756920800907913,
          "inverse_jacobian_sq_share": 0.015564202389277285,
          "coordinate_metric_sq_share": 0.015564202341457674,
          "standardized_mean": -0.3529317378997803,
          "standardized_std": 0.026524000952584004
        },
        {
          "radius_bin": 21,
          "orbits": 6,
          "scalar_amplitude_fraction": 0.011673151750972763,
          "physical_energy_share": 1.2579198223505379e-05,
          "zero_x0_target_share": 0.0015144982166018159,
          "zero_velocity_target_share": 0.006593824477140078,
          "inverse_jacobian_sq_share": 0.011673151791957964,
          "coordinate_metric_sq_share": 0.011673151317437711,
          "standardized_mean": -0.3595397472381592,
          "standardized_std": 0.021752696311778143
        },
        {
          "radius_bin": 22,
          "orbits": 1,
          "scalar_amplitude_fraction": 0.0019455252918287938,
          "physical_energy_share": 8.969188832607048e-07,
          "zero_x0_target_share": 0.0002686823309318256,
          "zero_velocity_target_share": 0.0011071037005512322,
          "inverse_jacobian_sq_share": 0.0019455252986596606,
          "coordinate_metric_sq_share": 0.0019455252926822092,
          "standardized_mean": -0.3712511956691742,
          "standardized_std": 0.016590476919792076
        }
      ],
      "cumulative_radius_0_2": {
        "scalar_amplitude_fraction": 0.02529182879377432,
        "physical_energy_share": 0.7630324240488506,
        "zero_x0_target_share": 0.8022718060959793,
        "zero_velocity_target_share": 0.4137818093385214,
        "inverse_jacobian_sq_share": 0.025291828882575588,
        "coordinate_metric_sq_share": 0.02529182880486872
      },
      "cumulative_radius_0_5": {
        "scalar_amplitude_fraction": 0.10700389105058367,
        "physical_energy_share": 0.9081635748701457,
        "zero_x0_target_share": 0.9118686608300908,
        "zero_velocity_target_share": 0.509436265807393,
        "inverse_jacobian_sq_share": 0.10700389493734687,
        "coordinate_metric_sq_share": 0.10700388890424378
      }
    },
    {
      "name": "power_1over3",
      "description": "Box-Cox/power amplitude with exponent 0.333333; preserves progressively more physical dynamic range as p approaches 1",
      "mean": 0.6499936434712813,
      "std": 0.3045309461807653,
      "standardized_lower_bound": -2.1344091680109716,
      "gaussian_base_below_support_probability": 0.01640465088326415,
      "standardized_moments": {
        "mean": 1.1452920675995228e-11,
        "std": 1.000000000011343,
        "skew": 1.9150004304940398,
        "excess_kurtosis": 7.090830950014851
      },
      "standardized_quantiles": {
        "p0": -2.134409189224243,
        "p0.1": -1.657875895500183,
        "p1": -1.4138561487197876,
        "p5": -1.1540635824203491,
        "p10": -0.9923974871635437,
        "p50": -0.2024311125278473,
        "p90": 1.2312681674957275,
        "p99": 3.663591146469116,
        "p99.9": 6.897225379943848,
        "p100": 10.863779067993164
      },
      "standardized_tail_fractions": {
        "abs_gt_3": 0.015719261020421982,
        "abs_gt_4": 0.006850713398307562,
        "abs_gt_8": 0.00023450065054930747
      },
      "coordinate_metric_sq_moments": {
        "mean": 20201566726.56854,
        "std": 15557477560399.488,
        "skew": 770.1129287802252,
        "excess_kurtosis": 593071.9230758402,
        "finite_fraction": 1.0
      },
      "coordinate_metric_sq_quantiles": {
        "p0": 0.0048802015371620655,
        "p0.1": 0.020936470478773117,
        "p1": 0.12326955050230026,
        "p5": 0.5432590842247009,
        "p10": 1.085623025894165,
        "p50": 9.999083518981934,
        "p90": 81.90052032470703,
        "p99": 516.779052734375,
        "p99.9": 2701.443359375,
        "p100": 1.1981055011586048e+16
      },
      "inverse_jacobian_sq_moments": {
        "mean": 0.5350035489031333,
        "std": 2.764437168338211,
        "skew": 21.522764539439354,
        "excess_kurtosis": 700.9996862631672,
        "finite_fraction": 1.0
      },
      "inverse_jacobian_sq_quantiles": {
        "p0": 8.346510461011166e-17,
        "p0.1": 0.00037017237627878785,
        "p1": 0.0019350621150806546,
        "p5": 0.006630523595958948,
        "p10": 0.012209936045110226,
        "p50": 0.10000917315483093,
        "p90": 0.9211298823356628,
        "p99": 8.112300872802734,
        "p99.9": 47.763545989990234,
        "p100": 204.90957641601562
      },
      "base_grid_valid_fraction": 0.7371631264686584,
      "base_grid_amplitude_quantiles_after_clamp": {
        "p0": 0.0,
        "p0.1": 0.0,
        "p1": 0.0,
        "p5": 0.0,
        "p10": 0.0,
        "p50": 0.27461695671081543,
        "p90": 5.325498580932617,
        "p99": 7.91599702835083,
        "p99.9": 8.213580131530762,
        "p100": 8.247095108032227
      },
      "radial": [
        {
          "radius_bin": 0,
          "orbits": 1,
          "scalar_amplitude_fraction": 0.0019455252918287938,
          "physical_energy_share": 0.30013461738004366,
          "zero_x0_target_share": 0.06083287521613977,
          "zero_velocity_target_share": 0.03138919828145266,
          "inverse_jacobian_sq_share": 0.11366120115082205,
          "coordinate_metric_sq_share": 3.362823223680406e-13,
          "standardized_mean": 5.122303485870361,
          "standardized_std": 2.2427889454614323
        },
        {
          "radius_bin": 1,
          "orbits": 4,
          "scalar_amplitude_fraction": 0.007782101167315175,
          "physical_energy_share": 0.32654061732754375,
          "zero_x0_target_share": 0.13270137047350003,
          "zero_velocity_target_share": 0.07024173151750973,
          "inverse_jacobian_sq_share": 0.18992945851119214,
          "coordinate_metric_sq_share": 1.1510980416326425e-13,
          "standardized_mean": 3.8218016624450684,
          "standardized_std": 1.5639559251506379
        },
        {
          "radius_bin": 2,
          "orbits": 8,
          "scalar_amplitude_fraction": 0.01556420233463035,
          "physical_energy_share": 0.13635718934126329,
          "zero_x0_target_share": 0.11516411252685554,
          "zero_velocity_target_share": 0.06536415369649805,
          "inverse_jacobian_sq_share": 0.13252402647108913,
          "coordinate_metric_sq_share": 6.164900661452012e-13,
          "standardized_mean": 2.4478864669799805,
          "standardized_std": 1.1862314656501087
        },
        {
          "radius_bin": 3,
          "orbits": 10,
          "scalar_amplitude_fraction": 0.019455252918287938,
          "physical_energy_share": 0.06772468765634769,
          "zero_x0_target_share": 0.08416394838936112,
          "zero_velocity_target_share": 0.05180959792477302,
          "inverse_jacobian_sq_share": 0.0905366432094044,
          "coordinate_metric_sq_share": 1.3803890024671665e-12,
          "standardized_mean": 1.828014850616455,
          "standardized_std": 0.9921634164641331
        },
        {
          "radius_bin": 4,
          "orbits": 12,
          "scalar_amplitude_fraction": 0.023346303501945526,
          "physical_energy_share": 0.042240249587018996,
          "zero_x0_target_share": 0.06606113836323854,
          "zero_velocity_target_share": 0.044703720817120624,
          "inverse_jacobian_sq_share": 0.07068751587168347,
          "coordinate_metric_sq_share": 2.4529092411261416e-12,
          "standardized_mean": 1.4347381591796875,
          "standardized_std": 0.8781487971074831
        },
        {
          "radius_bin": 5,
          "orbits": 20,
          "scalar_amplitude_fraction": 0.038910505836575876,
          "physical_energy_share": 0.0351662135779283,
          "zero_x0_target_share": 0.06618629644528512,
          "zero_velocity_target_share": 0.05254840304798963,
          "inverse_jacobian_sq_share": 0.07413611070874226,
          "coordinate_metric_sq_share": 6.5627378817371275e-12,
          "standardized_mean": 1.0471923351287842,
          "standardized_std": 0.7774162924560635
        },
        {
          "radius_bin": 6,
          "orbits": 18,
          "scalar_amplitude_fraction": 0.03501945525291829,
          "physical_energy_share": 0.021374050873215207,
          "zero_x0_target_share": 0.043324986596951144,
          "zero_velocity_target_share": 0.03917221952010376,
          "inverse_jacobian_sq_share": 0.05111204059999357,
          "coordinate_metric_sq_share": 7.643938371183688e-12,
          "standardized_mean": 0.8379891514778137,
          "standardized_std": 0.731398085100323
        },
        {
          "radius_bin": 7,
          "orbits": 24,
          "scalar_amplitude_fraction": 0.04669260700389105,
          "physical_energy_share": 0.01759093740451412,
          "zero_x0_target_share": 0.03839324584262295,
          "zero_velocity_target_share": 0.042542923151750976,
          "inverse_jacobian_sq_share": 0.04931191138403504,
          "coordinate_metric_sq_share": 1.3776728414749425e-11,
          "standardized_mean": 0.6071493029594421,
          "standardized_std": 0.6735168369569934
        },
        {
          "radius_bin": 8,
          "orbits": 28,
          "scalar_amplitude_fraction": 0.054474708171206226,
          "physical_energy_share": 0.013585231513624481,
          "zero_x0_target_share": 0.03128735206143658,
          "zero_velocity_target_share": 0.04288102707522698,
          "inverse_jacobian_sq_share": 0.043601010726985225,
          "coordinate_metric_sq_share": 2.143687342519295e-11,
          "standardized_mean": 0.42258259654045105,
          "standardized_std": 0.6291027890638945
        },
        {
          "radius_bin": 9,
          "orbits": 28,
          "scalar_amplitude_fraction": 0.054474708171206226,
          "physical_energy_share": 0.0096999058160349,
          "zero_x0_target_share": 0.023617687572482983,
          "zero_velocity_target_share": 0.039046198119325554,
          "inverse_jacobian_sq_share": 0.03456520830012528,
          "coordinate_metric_sq_share": 2.7885955367277764e-11,
          "standardized_mean": 0.2729463279247284,
          "standardized_std": 0.5992107716319051
        },
        {
          "radius_bin": 10,
          "orbits": 34,
          "scalar_amplitude_fraction": 0.06614785992217899,
          "physical_energy_share": 0.007973776178397111,
          "zero_x0_target_share": 0.021746833851934752,
          "zero_velocity_target_share": 0.04394734516861219,
          "inverse_jacobian_sq_share": 0.03223810131331173,
          "coordinate_metric_sq_share": 4.3852754985165165e-11,
          "standardized_mean": 0.11827400326728821,
          "standardized_std": 0.5610456308612055
        },
        {
          "radius_bin": 11,
          "orbits": 32,
          "scalar_amplitude_fraction": 0.0622568093385214,
          "physical_energy_share": 0.005759560222860255,
          "zero_x0_target_share": 0.018288206438923895,
          "zero_velocity_target_share": 0.040272507295719844,
          "inverse_jacobian_sq_share": 0.02514132237866458,
          "coordinate_metric_sq_share": 1.6378275482714278e-09,
          "standardized_mean": 0.008068963885307312,
          "standardized_std": 0.5419309868131449
        },
        {
          "radius_bin": 12,
          "orbits": 40,
          "scalar_amplitude_fraction": 0.07782101167315175,
          "physical_energy_share": 0.004839901039746161,
          "zero_x0_target_share": 0.02152112655779031,
          "zero_velocity_target_share": 0.04967106841763943,
          "inverse_jacobian_sq_share": 0.023906528133259716,
          "coordinate_metric_sq_share": 8.463542002098718e-11,
          "standardized_mean": -0.13637547194957733,
          "standardized_std": 0.5078859927882047
        },
        {
          "radius_bin": 13,
          "orbits": 46,
          "scalar_amplitude_fraction": 0.08949416342412451,
          "physical_energy_share": 0.0038728922800088405,
          "zero_x0_target_share": 0.027262250470963065,
          "zero_velocity_target_share": 0.05837821011673152,
          "inverse_jacobian_sq_share": 0.021199320843467474,
          "coordinate_metric_sq_share": 1.3035570888803578e-10,
          "standardized_mean": -0.2692696154117584,
          "standardized_std": 0.4817881951155194
        },
        {
          "radius_bin": 14,
          "orbits": 44,
          "scalar_amplitude_fraction": 0.08560311284046693,
          "physical_energy_share": 0.002892207931352236,
          "zero_x0_target_share": 0.031043851316073366,
          "zero_velocity_target_share": 0.05832348005836576,
          "inverse_jacobian_sq_share": 0.016590731330809218,
          "coordinate_metric_sq_share": 1.629824007736582e-10,
          "standardized_mean": -0.3757789134979248,
          "standardized_std": 0.47057282918468135
        },
        {
          "radius_bin": 15,
          "orbits": 48,
          "scalar_amplitude_fraction": 0.0933852140077821,
          "physical_energy_share": 0.0024195487606466248,
          "zero_x0_target_share": 0.04067780743695249,
          "zero_velocity_target_share": 0.06703150535019456,
          "inverse_jacobian_sq_share": 0.014698838026098957,
          "coordinate_metric_sq_share": 2.2703869221915284e-10,
          "standardized_mean": -0.47705256938934326,
          "standardized_std": 0.4560836822362799
        },
        {
          "radius_bin": 16,
          "orbits": 38,
          "scalar_amplitude_fraction": 0.07392996108949416,
          "physical_energy_share": 0.0012757104735604547,
          "zero_x0_target_share": 0.039115388399182126,
          "zero_velocity_target_share": 0.05652267347600519,
          "inverse_jacobian_sq_share": 0.008962248159187758,
          "coordinate_metric_sq_share": 0.4999990624393343,
          "standardized_mean": -0.5845897197723389,
          "standardized_std": 0.43283005544156494
        },
        {
          "radius_bin": 17,
          "orbits": 30,
          "scalar_amplitude_fraction": 0.058365758754863814,
          "physical_energy_share": 0.0003205139821248481,
          "zero_x0_target_share": 0.04076830679431302,
          "zero_velocity_target_share": 0.049567035505836576,
          "inverse_jacobian_sq_share": 0.003747264691496899,
          "coordinate_metric_sq_share": 5.5467246333272755e-09,
          "standardized_mean": -0.7677249908447266,
          "standardized_std": 0.330295757594469
        },
        {
          "radius_bin": 18,
          "orbits": 18,
          "scalar_amplitude_fraction": 0.03501945525291829,
          "physical_energy_share": 0.00012516609601691945,
          "zero_x0_target_share": 0.02954817393308521,
          "zero_velocity_target_share": 0.032283811608300905,
          "inverse_jacobian_sq_share": 0.0016802898379633699,
          "coordinate_metric_sq_share": 2.275599241897067e-10,
          "standardized_mean": -0.8652165532112122,
          "standardized_std": 0.3084881362590636
        },
        {
          "radius_bin": 19,
          "orbits": 16,
          "scalar_amplitude_fraction": 0.0311284046692607,
          "physical_energy_share": 6.806608981054088e-05,
          "zero_x0_target_share": 0.0318111827536435,
          "zero_velocity_target_share": 0.03146979166666666,
          "inverse_jacobian_sq_share": 0.0010689769395045672,
          "coordinate_metric_sq_share": 2.918435483807346e-10,
          "standardized_mean": -0.9695019125938416,
          "standardized_std": 0.28635694854922217
        },
        {
          "radius_bin": 20,
          "orbits": 8,
          "scalar_amplitude_fraction": 0.01556420233463035,
          "physical_energy_share": 2.5431654024904232e-05,
          "zero_x0_target_share": 0.017789235913698825,
          "zero_velocity_target_share": 0.016676719560635538,
          "inverse_jacobian_sq_share": 0.0004346942537990522,
          "coordinate_metric_sq_share": 1.8091937043672814e-10,
          "standardized_mean": -1.0326439142227173,
          "standardized_std": 0.2767756486480939
        },
        {
          "radius_bin": 21,
          "orbits": 6,
          "scalar_amplitude_fraction": 0.011673151750972763,
          "physical_energy_share": 1.2579198223505379e-05,
          "zero_x0_target_share": 0.01514010514851525,
          "zero_velocity_target_share": 0.013406626945525291,
          "inverse_jacobian_sq_share": 0.00024555153337697604,
          "coordinate_metric_sq_share": 1.7907913600225793e-10,
          "standardized_mean": -1.1091299057006836,
          "standardized_std": 0.25852056874200596
        },
        {
          "radius_bin": 22,
          "orbits": 1,
          "scalar_amplitude_fraction": 0.0019455252918287938,
          "physical_energy_share": 8.969188832607048e-07,
          "zero_x0_target_share": 0.0035545896942827298,
          "zero_velocity_target_share": 0.002750057757782101,
          "inverse_jacobian_sq_share": 2.0976597284413674e-05,
          "coordinate_metric_sq_share": 0.5000010478619205,
          "standardized_mean": -1.320940613746643,
          "standardized_std": 0.28666156423039507
        }
      ],
      "cumulative_radius_0_2": {
        "scalar_amplitude_fraction": 0.02529182879377432,
        "physical_energy_share": 0.7630324240488506,
        "zero_x0_target_share": 0.3086983582164953,
        "zero_velocity_target_share": 0.16699508349546044,
        "inverse_jacobian_sq_share": 0.43611468613310334,
        "coordinate_metric_sq_share": 1.0678821926765061e-12
      },
      "cumulative_radius_0_5": {
        "scalar_amplitude_fraction": 0.10700389105058367,
        "physical_energy_share": 0.9081635748701457,
        "zero_x0_target_share": 0.5251097414143802,
        "zero_velocity_target_share": 0.3160568052853437,
        "inverse_jacobian_sq_share": 0.6714749559229335,
        "coordinate_metric_sq_share": 1.1463918318006942e-11
      }
    },
    {
      "name": "power_1over2",
      "description": "Box-Cox/power amplitude with exponent 0.5; preserves progressively more physical dynamic range as p approaches 1",
      "mean": 0.563790953397967,
      "std": 0.4378121404179047,
      "standardized_lower_bound": -1.287746275970812,
      "gaussian_base_below_support_probability": 0.09891714956860859,
      "standardized_moments": {
        "mean": 1.168440890075076e-11,
        "std": 0.9999999999976418,
        "skew": 3.3774952355371908,
        "excess_kurtosis": 21.099335691011284
      },
      "standardized_quantiles": {
        "p0": -1.2877463102340698,
        "p0.1": -1.161476492881775,
        "p1": -1.0529677867889404,
        "p5": -0.9151588678359985,
        "p10": -0.8192941546440125,
        "p50": -0.2569742202758789,
        "p90": 1.082361102104187,
        "p99": 4.071166515350342,
        "p99.9": 9.130841255187988,
        "p100": 16.700281143188477
      },
      "standardized_tail_fractions": {
        "abs_gt_3": 0.01778281480073929,
        "abs_gt_4": 0.00933968834578991,
        "abs_gt_8": 0.0012603761861100793
      },
      "coordinate_metric_sq_moments": {
        "mean": 2199358.5779920393,
        "std": 1693591064.265713,
        "skew": 770.1129264385396,
        "excess_kurtosis": 593071.9206712943,
        "finite_fraction": 1.0
      },
      "coordinate_metric_sq_quantiles": {
        "p0": 0.02102915197610855,
        "p0.1": 0.06268607825040817,
        "p1": 0.23693829774856567,
        "p5": 0.7206903100013733,
        "p10": 1.211302638053894,
        "p50": 6.404180526733398,
        "p90": 31.00690269470215,
        "p99": 123.44457244873047,
        "p99.9": 426.7663879394531,
        "p100": 1304260771840.0
      },
      "inverse_jacobian_sq_moments": {
        "mean": 0.3906732218738376,
        "std": 1.00892663004709,
        "skew": 12.329899272656066,
        "excess_kurtosis": 244.9027017551857,
        "finite_fraction": 1.0
      },
      "inverse_jacobian_sq_quantiles": {
        "p0": 7.667178524017881e-13,
        "p0.1": 0.0023432017769664526,
        "p1": 0.008100799284875393,
        "p5": 0.02040175162255764,
        "p10": 0.03225088119506836,
        "p50": 0.1561480015516281,
        "p90": 0.8255573511123657,
        "p99": 4.2205071449279785,
        "p99.9": 15.952506065368652,
        "p100": 47.55303192138672
      },
      "base_grid_valid_fraction": 0.6430678367614746,
      "base_grid_amplitude_quantiles_after_clamp": {
        "p0": 0.0,
        "p0.1": 0.0,
        "p1": 0.0,
        "p5": 0.0,
        "p10": 0.0,
        "p50": 0.31786033511161804,
        "p90": 4.579235076904297,
        "p99": 6.222742557525635,
        "p99.9": 6.400927543640137,
        "p100": 6.420880317687988
      },
      "radial": [
        {
          "radius_bin": 0,
          "orbits": 1,
          "scalar_amplitude_fraction": 0.0019455252918287938,
          "physical_energy_share": 0.30013461738004366,
          "zero_x0_target_share": 0.10443713521400778,
          "zero_velocity_target_share": 0.0531913268034159,
          "inverse_jacobian_sq_share": 0.05273995440210047,
          "coordinate_metric_sq_share": 6.908534219151257e-10,
          "standardized_mean": 6.493070125579834,
          "standardized_std": 3.394219126099262
        },
        {
          "radius_bin": 1,
          "orbits": 4,
          "scalar_amplitude_fraction": 0.007782101167315175,
          "physical_energy_share": 0.32654061732754375,
          "zero_x0_target_share": 0.19166144617380027,
          "zero_velocity_target_share": 0.09972175909716219,
          "inverse_jacobian_sq_share": 0.11040392876641655,
          "coordinate_metric_sq_share": 1.3242461980056263e-09,
          "standardized_mean": 4.436483383178711,
          "standardized_std": 2.2239856267683336
        },
        {
          "radius_bin": 2,
          "orbits": 8,
          "scalar_amplitude_fraction": 0.01556420233463035,
          "physical_energy_share": 0.13635718934126329,
          "zero_x0_target_share": 0.13736204604409857,
          "zero_velocity_target_share": 0.07646311923066672,
          "inverse_jacobian_sq_share": 0.10016529632824778,
          "coordinate_metric_sq_share": 5.66002922282227e-09,
          "standardized_mean": 2.5719151496887207,
          "standardized_std": 1.4868638876245435
        },
        {
          "radius_bin": 3,
          "orbits": 10,
          "scalar_amplitude_fraction": 0.019455252918287938,
          "physical_energy_share": 0.06772468765634769,
          "zero_x0_target_share": 0.08966728274967574,
          "zero_velocity_target_share": 0.05456126429563785,
          "inverse_jacobian_sq_share": 0.08000554867956325,
          "coordinate_metric_sq_share": 1.0767474072411909e-08,
          "standardized_mean": 1.8110941648483276,
          "standardized_std": 1.1527516064523367
        },
        {
          "radius_bin": 4,
          "orbits": 12,
          "scalar_amplitude_fraction": 0.023346303501945526,
          "physical_energy_share": 0.042240249587018996,
          "zero_x0_target_share": 0.06495047016861219,
          "zero_velocity_target_share": 0.04414838397221894,
          "inverse_jacobian_sq_share": 0.06974442874475385,
          "coordinate_metric_sq_share": 1.7449878327075957e-08,
          "standardized_mean": 1.3593534231185913,
          "standardized_std": 0.9665421868050463
        },
        {
          "radius_bin": 5,
          "orbits": 20,
          "scalar_amplitude_fraction": 0.038910505836575876,
          "physical_energy_share": 0.0351662135779283,
          "zero_x0_target_share": 0.05975927772373541,
          "zero_velocity_target_share": 0.04933489060733524,
          "inverse_jacobian_sq_share": 0.08216927122541637,
          "coordinate_metric_sq_share": 4.093952551676658e-08,
          "standardized_mean": 0.9394481182098389,
          "standardized_std": 0.808239194022247
        },
        {
          "radius_bin": 6,
          "orbits": 18,
          "scalar_amplitude_fraction": 0.03501945525291829,
          "physical_energy_share": 0.021374050873215207,
          "zero_x0_target_share": 0.03734494163424124,
          "zero_velocity_target_share": 0.03618219609713384,
          "inverse_jacobian_sq_share": 0.0604586332980367,
          "coordinate_metric_sq_share": 4.515560275972821e-08,
          "standardized_mean": 0.7239997386932373,
          "standardized_std": 0.7363626666678185
        },
        {
          "radius_bin": 7,
          "orbits": 24,
          "scalar_amplitude_fraction": 0.04669260700389105,
          "physical_energy_share": 0.01759093740451412,
          "zero_x0_target_share": 0.031232942201686122,
          "zero_velocity_target_share": 0.0389627690361369,
          "inverse_jacobian_sq_share": 0.06322993843478475,
          "coordinate_metric_sq_share": 7.635394630044035e-08,
          "standardized_mean": 0.4941163957118988,
          "standardized_std": 0.6517318609270075
        },
        {
          "radius_bin": 8,
          "orbits": 28,
          "scalar_amplitude_fraction": 0.054474708171206226,
          "physical_energy_share": 0.013585231513624481,
          "zero_x0_target_share": 0.02434266780155642,
          "zero_velocity_target_share": 0.03940868745728356,
          "inverse_jacobian_sq_share": 0.05988776212899313,
          "coordinate_metric_sq_share": 1.1000617273234575e-07,
          "standardized_mean": 0.31733259558677673,
          "standardized_std": 0.5883552125096513
        },
        {
          "radius_bin": 9,
          "orbits": 28,
          "scalar_amplitude_fraction": 0.054474708171206226,
          "physical_energy_share": 0.0096999058160349,
          "zero_x0_target_share": 0.017936531290531778,
          "zero_velocity_target_share": 0.036205619409492906,
          "inverse_jacobian_sq_share": 0.05018962328655132,
          "coordinate_metric_sq_share": 1.3297712170442942e-07,
          "standardized_mean": 0.17923961579799652,
          "standardized_std": 0.5451024039392619
        },
        {
          "radius_bin": 10,
          "orbits": 34,
          "scalar_amplitude_fraction": 0.06614785992217899,
          "physical_energy_share": 0.007973776178397111,
          "zero_x0_target_share": 0.016280935878728923,
          "zero_velocity_target_share": 0.04121439421437132,
          "inverse_jacobian_sq_share": 0.049962818597249985,
          "coordinate_metric_sq_share": 1.9637727022883422e-07,
          "standardized_mean": 0.04016343876719475,
          "standardized_std": 0.49448594040353966
        },
        {
          "radius_bin": 11,
          "orbits": 32,
          "scalar_amplitude_fraction": 0.0622568093385214,
          "physical_energy_share": 0.005759560222860255,
          "zero_x0_target_share": 0.01379393239299611,
          "zero_velocity_target_share": 0.03802537042637027,
          "inverse_jacobian_sq_share": 0.040693065268955234,
          "coordinate_metric_sq_share": 3.277717025224912e-07,
          "standardized_mean": -0.05525573715567589,
          "standardized_std": 0.4674525124550769
        },
        {
          "radius_bin": 12,
          "orbits": 40,
          "scalar_amplitude_fraction": 0.07782101167315175,
          "physical_energy_share": 0.004839901039746161,
          "zero_x0_target_share": 0.016455342088197145,
          "zero_velocity_target_share": 0.04713817787690156,
          "inverse_jacobian_sq_share": 0.04134952120462516,
          "coordinate_metric_sq_share": 3.3480007544200055e-07,
          "standardized_mean": -0.17755126953125,
          "standardized_std": 0.42417767679849033
        },
        {
          "radius_bin": 13,
          "orbits": 46,
          "scalar_amplitude_fraction": 0.08949416342412451,
          "physical_energy_share": 0.0038728922800088405,
          "zero_x0_target_share": 0.020973394941634242,
          "zero_velocity_target_share": 0.05523377560092246,
          "inverse_jacobian_sq_share": 0.038941626463414696,
          "coordinate_metric_sq_share": 4.770863170469369e-07,
          "standardized_mean": -0.2857482433319092,
          "standardized_std": 0.3907720978795552
        },
        {
          "radius_bin": 14,
          "orbits": 44,
          "scalar_amplitude_fraction": 0.08560311284046693,
          "physical_energy_share": 0.002892207931352236,
          "zero_x0_target_share": 0.02365875891699092,
          "zero_velocity_target_share": 0.05463093030927819,
          "inverse_jacobian_sq_share": 0.03170875011889583,
          "coordinate_metric_sq_share": 5.538235551592958e-07,
          "standardized_mean": -0.36885949969291687,
          "standardized_std": 0.3745931101609479
        },
        {
          "radius_bin": 15,
          "orbits": 48,
          "scalar_amplitude_fraction": 0.0933852140077821,
          "physical_energy_share": 0.0024195487606466248,
          "zero_x0_target_share": 0.03035904466601816,
          "zero_velocity_target_share": 0.06187212228455757,
          "inverse_jacobian_sq_share": 0.02932987903251911,
          "coordinate_metric_sq_share": 7.322433430464038e-07,
          "standardized_mean": -0.4459282457828522,
          "standardized_std": 0.35530651232133553
        },
        {
          "radius_bin": 16,
          "orbits": 38,
          "scalar_amplitude_fraction": 0.07392996108949416,
          "physical_energy_share": 0.0012757104735604547,
          "zero_x0_target_share": 0.02826371392671855,
          "zero_velocity_target_share": 0.05109683520772794,
          "inverse_jacobian_sq_share": 0.019084723404725057,
          "coordinate_metric_sq_share": 0.4999594348257092,
          "standardized_mean": -0.5258674025535583,
          "standardized_std": 0.3252191704019677
        },
        {
          "radius_bin": 17,
          "orbits": 30,
          "scalar_amplitude_fraction": 0.058365758754863814,
          "physical_energy_share": 0.0003205139821248481,
          "zero_x0_target_share": 0.028425800502594033,
          "zero_velocity_target_share": 0.04339577377459314,
          "inverse_jacobian_sq_share": 0.009726368820923542,
          "coordinate_metric_sq_share": 1.0438185707572255e-06,
          "standardized_mean": -0.6609718799591064,
          "standardized_std": 0.2239306667242598
        },
        {
          "radius_bin": 18,
          "orbits": 18,
          "scalar_amplitude_fraction": 0.03501945525291829,
          "physical_energy_share": 0.00012516609601691945,
          "zero_x0_target_share": 0.019921976329442283,
          "zero_velocity_target_share": 0.027470714009681322,
          "inverse_jacobian_sq_share": 0.004683964638720185,
          "coordinate_metric_sq_share": 5.772506196183872e-07,
          "standardized_mean": -0.7267032265663147,
          "standardized_std": 0.2019543539743708
        },
        {
          "radius_bin": 19,
          "orbits": 16,
          "scalar_amplitude_fraction": 0.0311284046692607,
          "physical_energy_share": 6.806608981054088e-05,
          "zero_x0_target_share": 0.02064263537613489,
          "zero_velocity_target_share": 0.025885518344000106,
          "inverse_jacobian_sq_share": 0.003232238189826136,
          "coordinate_metric_sq_share": 6.697004041465999e-07,
          "standardized_mean": -0.7941818833351135,
          "standardized_std": 0.18005446409678444
        },
        {
          "radius_bin": 20,
          "orbits": 8,
          "scalar_amplitude_fraction": 0.01556420233463035,
          "physical_energy_share": 2.5431654024904232e-05,
          "zero_x0_target_share": 0.011258247203307392,
          "zero_velocity_target_share": 0.013411223392592517,
          "inverse_jacobian_sq_share": 0.0013780847606089525,
          "coordinate_metric_sq_share": 3.990943503806457e-07,
          "standardized_mean": -0.8333407044410706,
          "standardized_std": 0.16995804843351528
        },
        {
          "radius_bin": 21,
          "orbits": 6,
          "scalar_amplitude_fraction": 0.011673151750972763,
          "physical_energy_share": 1.2579198223505379e-05,
          "zero_x0_target_share": 0.009310003242542154,
          "zero_velocity_target_share": 0.010491577829664213,
          "inverse_jacobian_sq_share": 0.0008343573714366733,
          "coordinate_metric_sq_share": 3.702591236706577e-07,
          "standardized_mean": -0.8797703385353088,
          "standardized_std": 0.15349659679236952
        },
        {
          "radius_bin": 22,
          "orbits": 1,
          "scalar_amplitude_fraction": 0.0019455252918287938,
          "physical_energy_share": 8.969188832607048e-07,
          "zero_x0_target_share": 0.001961484678988327,
          "zero_velocity_target_share": 0.0019535047320603286,
          "inverse_jacobian_sq_share": 8.021656981126355e-05,
          "coordinate_metric_sq_share": 0.5000345051330095,
          "standardized_mean": -0.9927766919136047,
          "standardized_std": 0.15032538887974592
        }
      ],
      "cumulative_radius_0_2": {
        "scalar_amplitude_fraction": 0.02529182879377432,
        "physical_energy_share": 0.7630324240488506,
        "zero_x0_target_share": 0.4334606274319066,
        "zero_velocity_target_share": 0.2293762051312448,
        "inverse_jacobian_sq_share": 0.2633091794967648,
        "coordinate_metric_sq_share": 7.675128842743022e-09
      },
      "cumulative_radius_0_5": {
        "scalar_amplitude_fraction": 0.10700389105058367,
        "physical_energy_share": 0.9081635748701457,
        "zero_x0_target_share": 0.64783765807393,
        "zero_velocity_target_share": 0.3774207440064368,
        "inverse_jacobian_sq_share": 0.49522842814649826,
        "coordinate_metric_sq_share": 7.683200675899747e-08
      }
    },
    {
      "name": "power_2over3",
      "description": "Box-Cox/power amplitude with exponent 0.666667; preserves progressively more physical dynamic range as p approaches 1",
      "mean": 0.5152308338997239,
      "std": 0.6128027960900119,
      "standardized_lower_bound": -0.8407775506038062,
      "gaussian_base_below_support_probability": 0.2002362829540077,
      "standardized_moments": {
        "mean": 8.894746826270694e-12,
        "std": 1.0000000000069598,
        "skew": 5.536177362319899,
        "excess_kurtosis": 54.3428835856267
      },
      "standardized_quantiles": {
        "p0": -0.840777575969696,
        "p0.1": -0.8064115643501282,
        "p1": -0.7622044086456299,
        "p5": -0.6953319907188416,
        "p10": -0.6434065699577332,
        "p50": -0.2759101986885071,
        "p90": 0.8735234141349792,
        "p99": 4.246654033660889,
        "p99.9": 11.503759384155273,
        "p100": 24.727869033813477
      },
      "standardized_tail_fractions": {
        "abs_gt_3": 0.017143644392490387,
        "abs_gt_4": 0.010058495216071606,
        "abs_gt_8": 0.002207782119512558
      },
      "coordinate_metric_sq_moments": {
        "mean": 205.22548204174478,
        "std": 153681.26040761062,
        "skew": 770.1102299469387,
        "excess_kurtosis": 593069.150270351,
        "finite_fraction": 1.0
      },
      "coordinate_metric_sq_quantiles": {
        "p0": 0.0755348950624466,
        "p0.1": 0.1564517766237259,
        "p1": 0.379626601934433,
        "p5": 0.7969521284103394,
        "p10": 1.1265957355499268,
        "p50": 3.419076442718506,
        "p90": 9.785250663757324,
        "p99": 24.579954147338867,
        "p99.9": 56.1987419128418,
        "p100": 118352192.0
      },
      "inverse_jacobian_sq_moments": {
        "mean": 0.43533724650204025,
        "std": 0.5177793415001445,
        "skew": 5.536177381406507,
        "excess_kurtosis": 54.34288429527211,
        "finite_fraction": 1.0
      },
      "inverse_jacobian_sq_quantiles": {
        "p0": 8.449357657980272e-09,
        "p0.1": 0.017793988808989525,
        "p1": 0.040683548897504807,
        "p5": 0.07530870288610458,
        "p10": 0.10219462215900421,
        "p50": 0.2924766540527344,
        "p90": 0.8876297473907471,
        "p99": 2.634166955947876,
        "p99.9": 6.391746520996094,
        "p100": 13.238914489746094
      },
      "base_grid_valid_fraction": 0.5934203267097473,
      "base_grid_amplitude_quantiles_after_clamp": {
        "p0": 0.0,
        "p0.1": 0.0,
        "p1": 0.0,
        "p5": 0.0,
        "p10": 0.0,
        "p50": 0.3698306083679199,
        "p90": 4.489206790924072,
        "p99": 5.771870136260986,
        "p99.9": 5.905942440032959,
        "p100": 5.920902252197266
      },
      "radial": [
        {
          "radius_bin": 0,
          "orbits": 1,
          "scalar_amplitude_fraction": 0.0019455252918287938,
          "physical_energy_share": 0.30013461738004366,
          "zero_x0_target_share": 0.16682227626459145,
          "zero_velocity_target_share": 0.08438390077821012,
          "inverse_jacobian_sq_share": 0.020202181512298596,
          "coordinate_metric_sq_share": 4.226668853115265e-06,
          "standardized_mean": 7.889791011810303,
          "standardized_std": 4.847458081384695
        },
        {
          "radius_bin": 1,
          "orbits": 4,
          "scalar_amplitude_fraction": 0.007782101167315175,
          "physical_energy_share": 0.32654061732754375,
          "zero_x0_target_share": 0.25459208819714657,
          "zero_velocity_target_share": 0.13118709468223086,
          "inverse_jacobian_sq_share": 0.05311946564677966,
          "coordinate_metric_sq_share": 1.748546524317431e-05,
          "standardized_mean": 4.898245334625244,
          "standardized_std": 2.9533494084244714
        },
        {
          "radius_bin": 2,
          "orbits": 8,
          "scalar_amplitude_fraction": 0.01556420233463035,
          "physical_energy_share": 0.13635718934126329,
          "zero_x0_target_share": 0.1484691634241245,
          "zero_velocity_target_share": 0.08201668287937743,
          "inverse_jacobian_sq_share": 0.06276603626852506,
          "coordinate_metric_sq_share": 5.842473629897656e-05,
          "standardized_mean": 2.5498411655426025,
          "standardized_std": 1.7428294582907136
        },
        {
          "radius_bin": 3,
          "orbits": 10,
          "scalar_amplitude_fraction": 0.019455252918287938,
          "physical_energy_share": 0.06772468765634769,
          "zero_x0_target_share": 0.08568281452658885,
          "zero_velocity_target_share": 0.052569033722438395,
          "inverse_jacobian_sq_share": 0.05842909298298105,
          "coordinate_metric_sq_share": 9.659334926334851e-05,
          "standardized_mean": 1.684291958808899,
          "standardized_std": 1.2519015435685874
        },
        {
          "radius_bin": 4,
          "orbits": 12,
          "scalar_amplitude_fraction": 0.023346303501945526,
          "physical_energy_share": 0.042240249587018996,
          "zero_x0_target_share": 0.05689583333333333,
          "zero_velocity_target_share": 0.04012106841763943,
          "inverse_jacobian_sq_share": 0.05677185480404484,
          "coordinate_metric_sq_share": 0.00014195680705289732,
          "standardized_mean": 1.203764796257019,
          "standardized_std": 0.9939761059636222
        },
        {
          "radius_bin": 5,
          "orbits": 20,
          "scalar_amplitude_fraction": 0.038910505836575876,
          "physical_energy_share": 0.0351662135779283,
          "zero_x0_target_share": 0.04783184176394293,
          "zero_velocity_target_share": 0.043371173800259406,
          "inverse_jacobian_sq_share": 0.07512850164396151,
          "coordinate_metric_sq_share": 0.0002969814150113731,
          "standardized_mean": 0.7825977802276611,
          "standardized_std": 0.7853782714379747
        },
        {
          "radius_bin": 6,
          "orbits": 18,
          "scalar_amplitude_fraction": 0.03501945525291829,
          "physical_energy_share": 0.021374050873215207,
          "zero_x0_target_share": 0.028495115920881973,
          "zero_velocity_target_share": 0.03175728356031128,
          "inverse_jacobian_sq_share": 0.0590628493972166,
          "coordinate_metric_sq_share": 0.0003065015459077036,
          "standardized_mean": 0.5772547721862793,
          "standardized_std": 0.6931600015608811
        },
        {
          "radius_bin": 7,
          "orbits": 24,
          "scalar_amplitude_fraction": 0.04669260700389105,
          "physical_energy_share": 0.01759093740451412,
          "zero_x0_target_share": 0.02247881404020752,
          "zero_velocity_target_share": 0.03458571254863813,
          "inverse_jacobian_sq_share": 0.06698149704438491,
          "coordinate_metric_sq_share": 0.00047973820465935354,
          "standardized_mean": 0.3653349280357361,
          "standardized_std": 0.5898742656904443
        },
        {
          "radius_bin": 8,
          "orbits": 28,
          "scalar_amplitude_fraction": 0.054474708171206226,
          "physical_energy_share": 0.013585231513624481,
          "zero_x0_target_share": 0.01680769394455253,
          "zero_velocity_target_share": 0.03564120055123217,
          "inverse_jacobian_sq_share": 0.06798895090132798,
          "coordinate_metric_sq_share": 0.0006436747263700035,
          "standardized_mean": 0.20858252048492432,
          "standardized_std": 0.5148150783304541
        },
        {
          "radius_bin": 9,
          "orbits": 28,
          "scalar_amplitude_fraction": 0.054474708171206226,
          "physical_energy_share": 0.0096999058160349,
          "zero_x0_target_share": 0.012191286681258106,
          "zero_velocity_target_share": 0.033332996919584953,
          "inverse_jacobian_sq_share": 0.06034518443257129,
          "coordinate_metric_sq_share": 0.0007289388858307025,
          "standardized_mean": 0.09060658514499664,
          "standardized_std": 0.4643141470893416
        },
        {
          "radius_bin": 10,
          "orbits": 34,
          "scalar_amplitude_fraction": 0.06614785992217899,
          "physical_energy_share": 0.007973776178397111,
          "zero_x0_target_share": 0.011067261470492867,
          "zero_velocity_target_share": 0.038607559176394295,
          "inverse_jacobian_sq_share": 0.06416725620318668,
          "coordinate_metric_sq_share": 0.0010096256073936533,
          "standardized_mean": -0.02517455630004406,
          "standardized_std": 0.40826118971529796
        },
        {
          "radius_bin": 11,
          "orbits": 32,
          "scalar_amplitude_fraction": 0.0622568093385214,
          "physical_energy_share": 0.005759560222860255,
          "zero_x0_target_share": 0.009547539721141375,
          "zero_velocity_target_share": 0.03590217655642023,
          "inverse_jacobian_sq_share": 0.05472865734416889,
          "coordinate_metric_sq_share": 0.0010628429880175985,
          "standardized_mean": -0.1016676127910614,
          "standardized_std": 0.37818125005598335
        },
        {
          "radius_bin": 12,
          "orbits": 40,
          "scalar_amplitude_fraction": 0.07782101167315175,
          "physical_energy_share": 0.004839901039746161,
          "zero_x0_target_share": 0.011650253323605708,
          "zero_velocity_target_share": 0.044735631485084304,
          "inverse_jacobian_sq_share": 0.05953271428646976,
          "coordinate_metric_sq_share": 0.0015184975633571432,
          "standardized_mean": -0.19758659601211548,
          "standardized_std": 0.33266395202566273
        },
        {
          "radius_bin": 13,
          "orbits": 46,
          "scalar_amplitude_fraction": 0.08949416342412451,
          "physical_energy_share": 0.0038728922800088405,
          "zero_x0_target_share": 0.014936379296368353,
          "zero_velocity_target_share": 0.05221527237354086,
          "inverse_jacobian_sq_share": 0.05977656379682672,
          "coordinate_metric_sq_share": 0.0020122387452434463,
          "standardized_mean": -0.27919018268585205,
          "standardized_std": 0.29824593242032515
        },
        {
          "radius_bin": 14,
          "orbits": 44,
          "scalar_amplitude_fraction": 0.08560311284046693,
          "physical_energy_share": 0.002892207931352236,
          "zero_x0_target_share": 0.016634458090142672,
          "zero_velocity_target_share": 0.05111878647859922,
          "inverse_jacobian_sq_share": 0.05106599878100383,
          "coordinate_metric_sq_share": 0.002184470451366078,
          "standardized_mean": -0.33921700716018677,
          "standardized_std": 0.28151823229062706
        },
        {
          "radius_bin": 15,
          "orbits": 48,
          "scalar_amplitude_fraction": 0.0933852140077821,
          "physical_energy_share": 0.0024195487606466248,
          "zero_x0_target_share": 0.020883394130998705,
          "zero_velocity_target_share": 0.05713430204280156,
          "inverse_jacobian_sq_share": 0.04966765111444747,
          "coordinate_metric_sq_share": 0.0027056045515926742,
          "standardized_mean": -0.3936035633087158,
          "standardized_std": 0.26211186146896376
        },
        {
          "radius_bin": 16,
          "orbits": 38,
          "scalar_amplitude_fraction": 0.07392996108949416,
          "physical_energy_share": 0.0012757104735604547,
          "zero_x0_target_share": 0.018845399643320365,
          "zero_velocity_target_share": 0.04638768239299611,
          "inverse_jacobian_sq_share": 0.034455683966267636,
          "coordinate_metric_sq_share": 0.48899069046644256,
          "standardized_mean": -0.44892603158950806,
          "standardized_std": 0.2310286744774166
        },
        {
          "radius_bin": 17,
          "orbits": 30,
          "scalar_amplitude_fraction": 0.058365758754863814,
          "physical_energy_share": 0.0003205139821248481,
          "zero_x0_target_share": 0.018292375972762644,
          "zero_velocity_target_share": 0.03832906939040207,
          "inverse_jacobian_sq_share": 0.0207686584211996,
          "coordinate_metric_sq_share": 0.0024236161552818,
          "standardized_mean": -0.5415983200073242,
          "standardized_std": 0.14170598852223296
        },
        {
          "radius_bin": 18,
          "orbits": 18,
          "scalar_amplitude_fraction": 0.03501945525291829,
          "physical_energy_share": 0.00012516609601691945,
          "zero_x0_target_share": 0.012420027764267186,
          "zero_velocity_target_share": 0.023719741001945526,
          "inverse_jacobian_sq_share": 0.01075358557750111,
          "coordinate_metric_sq_share": 0.0016773695061751165,
          "standardized_mean": -0.5825961828231812,
          "standardized_std": 0.12346054275649887
        },
        {
          "radius_bin": 19,
          "orbits": 16,
          "scalar_amplitude_fraction": 0.0311284046692607,
          "physical_energy_share": 6.806608981054088e-05,
          "zero_x0_target_share": 0.012430346141374837,
          "zero_velocity_target_share": 0.02177937540531777,
          "inverse_jacobian_sq_share": 0.008062717845475291,
          "coordinate_metric_sq_share": 0.001776306740954206,
          "standardized_mean": -0.6230037212371826,
          "standardized_std": 0.10578865538043279
        },
        {
          "radius_bin": 20,
          "orbits": 8,
          "scalar_amplitude_fraction": 0.01556420233463035,
          "physical_energy_share": 2.5431654024904232e-05,
          "zero_x0_target_share": 0.006633078996433204,
          "zero_velocity_target_share": 0.011098640158884565,
          "inverse_jacobian_sq_share": 0.003615288542653805,
          "coordinate_metric_sq_share": 0.0009988652436098834,
          "standardized_mean": -0.6454797983169556,
          "standardized_std": 0.09762774924708112
        },
        {
          "radius_bin": 21,
          "orbits": 6,
          "scalar_amplitude_fraction": 0.011673151750972763,
          "physical_energy_share": 1.2579198223505379e-05,
          "zero_x0_target_share": 0.0053497654223411155,
          "zero_velocity_target_share": 0.008511458333333333,
          "inverse_jacobian_sq_share": 0.0023491065239794632,
          "coordinate_metric_sq_share": 0.0008645878198728905,
          "standardized_mean": -0.6715793609619141,
          "standardized_std": 0.0853097428991906
        },
        {
          "radius_bin": 22,
          "orbits": 1,
          "scalar_amplitude_fraction": 0.0019455252918287938,
          "physical_energy_share": 8.969188832607048e-07,
          "zero_x0_target_share": 0.0010428049129580091,
          "zero_velocity_target_share": 0.0014941651973897536,
          "inverse_jacobian_sq_share": 0.0002605048539096475,
          "coordinate_metric_sq_share": 0.4900008324145628,
          "standardized_mean": -0.7281978726387024,
          "standardized_std": 0.07569433381838077
        }
      ],
      "cumulative_radius_0_2": {
        "scalar_amplitude_fraction": 0.02529182879377432,
        "physical_energy_share": 0.7630324240488506,
        "zero_x0_target_share": 0.5698835278858625,
        "zero_velocity_target_share": 0.2975876783398184,
        "inverse_jacobian_sq_share": 0.13608768342760333,
        "coordinate_metric_sq_share": 8.013687039526614e-05
      },
      "cumulative_radius_0_5": {
        "scalar_amplitude_fraction": 0.10700389105058367,
        "physical_energy_share": 0.9081635748701457,
        "zero_x0_target_share": 0.7602940175097277,
        "zero_velocity_target_share": 0.43364895428015565,
        "inverse_jacobian_sq_share": 0.3264171328585907,
        "coordinate_metric_sq_share": 0.000615668441722885
      }
    },
    {
      "name": "power_0p8",
      "description": "Box-Cox/power amplitude with exponent 0.8; preserves progressively more physical dynamic range as p approaches 1",
      "mean": 0.4988240496986242,
      "std": 0.8158131119444931,
      "standardized_lower_bound": -0.6114440211798944,
      "gaussian_base_below_support_probability": 0.27045283352160354,
      "standardized_moments": {
        "mean": -5.851085884369736e-12,
        "std": 0.9999999999371254,
        "skew": 7.868994553067659,
        "excess_kurtosis": 105.57805456530464
      },
      "standardized_quantiles": {
        "p0": -0.6114439964294434,
        "p0.1": -0.5995165705680847,
        "p1": -0.5792686939239502,
        "p5": -0.5440789461135864,
        "p10": -0.5142735838890076,
        "p50": -0.26825767755508423,
        "p90": 0.6890208721160889,
        "p99": 4.185807704925537,
        "p99.9": 13.2869291305542,
        "p100": 32.68849563598633
      },
      "standardized_tail_fractions": {
        "abs_gt_3": 0.015483787283301353,
        "abs_gt_4": 0.009670752100646496,
        "abs_gt_8": 0.0026441633235663176
      },
      "coordinate_metric_sq_moments": {
        "mean": 2.1681823178035895,
        "std": 78.82451801921607,
        "skew": 768.880429678796,
        "excess_kurtosis": 591798.9552874201,
        "finite_fraction": 1.0
      },
      "coordinate_metric_sq_quantiles": {
        "p0": 0.18449370563030243,
        "p0.1": 0.2855756878852844,
        "p1": 0.48607921600341797,
        "p5": 0.7584941983222961,
        "p10": 0.933584988117218,
        "p50": 1.8173489570617676,
        "p90": 3.4153575897216797,
        "p99": 5.935286045074463,
        "p99.9": 9.748302459716797,
        "p100": 60673.44921875
      },
      "inverse_jacobian_sq_moments": {
        "mean": 0.6346805567867491,
        "std": 0.36963400730253454,
        "skew": 2.431712280246463,
        "excess_kurtosis": 11.201904327032532,
        "finite_fraction": 1.0
      },
      "inverse_jacobian_sq_quantiles": {
        "p0": 1.6481673810631037e-05,
        "p0.1": 0.10258195549249649,
        "p1": 0.16848385334014893,
        "p5": 0.24378906190395355,
        "p10": 0.2927951216697693,
        "p50": 0.5502520799636841,
        "p90": 1.0711398124694824,
        "p99": 2.0572774410247803,
        "p99.9": 3.5016984939575195,
        "p100": 5.420239448547363
      },
      "base_grid_valid_fraction": 0.5679215788841248,
      "base_grid_amplitude_quantiles_after_clamp": {
        "p0": 0.0,
        "p0.1": 0.0,
        "p1": 0.0,
        "p5": 0.0,
        "p10": 0.0,
        "p50": 0.41921257972717285,
        "p90": 4.677643775939941,
        "p99": 5.828061103820801,
        "p99.9": 5.945812225341797,
        "p100": 5.958923816680908
      },
      "radial": [
        {
          "radius_bin": 0,
          "orbits": 1,
          "scalar_amplitude_fraction": 0.0019455252918287938,
          "physical_energy_share": 0.30013461738004366,
          "zero_x0_target_share": 0.22818579766536964,
          "zero_velocity_target_share": 0.11506566894070486,
          "inverse_jacobian_sq_share": 0.008355374719238433,
          "coordinate_metric_sq_share": 0.0004095558476067715,
          "standardized_mean": 8.908534049987793,
          "standardized_std": 6.158369335850694
        },
        {
          "radius_bin": 1,
          "orbits": 4,
          "scalar_amplitude_fraction": 0.007782101167315175,
          "physical_energy_share": 0.32654061732754375,
          "zero_x0_target_share": 0.2991703955901427,
          "zero_velocity_target_share": 0.15347625833179365,
          "inverse_jacobian_sq_share": 0.026270412880689795,
          "coordinate_metric_sq_share": 0.0018735775627118916,
          "standardized_mean": 5.101583003997803,
          "standardized_std": 3.523812212882683
        },
        {
          "radius_bin": 2,
          "orbits": 8,
          "scalar_amplitude_fraction": 0.01556420233463035,
          "physical_energy_share": 0.13635718934126329,
          "zero_x0_target_share": 0.14679409857328146,
          "zero_velocity_target_share": 0.08117915571849259,
          "inverse_jacobian_sq_share": 0.03834569235991349,
          "coordinate_metric_sq_share": 0.0051103135999862655,
          "standardized_mean": 2.4250829219818115,
          "standardized_std": 1.8842759529512103
        },
        {
          "radius_bin": 3,
          "orbits": 10,
          "scalar_amplitude_fraction": 0.019455252918287938,
          "physical_energy_share": 0.06772468765634769,
          "zero_x0_target_share": 0.07627081712062257,
          "zero_velocity_target_share": 0.04786304217659158,
          "inverse_jacobian_sq_share": 0.040240721176354945,
          "coordinate_metric_sq_share": 0.00756518909459686,
          "standardized_mean": 1.516466498374939,
          "standardized_std": 1.2730473951267034
        },
        {
          "radius_bin": 4,
          "orbits": 12,
          "scalar_amplitude_fraction": 0.023346303501945526,
          "physical_energy_share": 0.042240249587018996,
          "zero_x0_target_share": 0.0470377796692607,
          "zero_velocity_target_share": 0.0351920458944258,
          "inverse_jacobian_sq_share": 0.042585706740545966,
          "coordinate_metric_sq_share": 0.010262823998129772,
          "standardized_mean": 1.038718342781067,
          "standardized_std": 0.9673929870197593
        },
        {
          "radius_bin": 5,
          "orbits": 20,
          "scalar_amplitude_fraction": 0.038910505836575876,
          "physical_energy_share": 0.0351662135779283,
          "zero_x0_target_share": 0.036680897373540855,
          "zero_velocity_target_share": 0.03779570202955266,
          "inverse_jacobian_sq_share": 0.06182527562197717,
          "coordinate_metric_sq_share": 0.019610662140211284,
          "standardized_mean": 0.6393266916275024,
          "standardized_std": 0.7307259922126058
        },
        {
          "radius_bin": 6,
          "orbits": 18,
          "scalar_amplitude_fraction": 0.03501945525291829,
          "physical_energy_share": 0.021374050873215207,
          "zero_x0_target_share": 0.021020099708171206,
          "zero_velocity_target_share": 0.028019779297651058,
          "inverse_jacobian_sq_share": 0.05128616372974384,
          "coordinate_metric_sq_share": 0.01916214134787242,
          "standardized_mean": 0.4524156153202057,
          "standardized_std": 0.6289361893834619
        },
        {
          "radius_bin": 7,
          "orbits": 24,
          "scalar_amplitude_fraction": 0.04669260700389105,
          "physical_energy_share": 0.01759093740451412,
          "zero_x0_target_share": 0.01583778372243839,
          "zero_velocity_target_share": 0.03126519739073913,
          "inverse_jacobian_sq_share": 0.06205768749743276,
          "coordinate_metric_sq_share": 0.028139180442224014,
          "standardized_mean": 0.2645632326602936,
          "standardized_std": 0.518843775399828
        },
        {
          "radius_bin": 8,
          "orbits": 28,
          "scalar_amplitude_fraction": 0.054474708171206226,
          "physical_energy_share": 0.013585231513624481,
          "zero_x0_target_share": 0.011506134484435798,
          "zero_velocity_target_share": 0.032990424480572274,
          "inverse_jacobian_sq_share": 0.06659288980209413,
          "coordinate_metric_sq_share": 0.035697464946102354,
          "standardized_mean": 0.129863440990448,
          "standardized_std": 0.44085742751199497
        },
        {
          "radius_bin": 9,
          "orbits": 28,
          "scalar_amplitude_fraction": 0.054474708171206226,
          "physical_energy_share": 0.0096999058160349,
          "zero_x0_target_share": 0.00831297270184825,
          "zero_velocity_target_share": 0.03139384323241526,
          "inverse_jacobian_sq_share": 0.061953841991242466,
          "coordinate_metric_sq_share": 0.03843860708994594,
          "standardized_mean": 0.031456246972084045,
          "standardized_std": 0.3893750564167485
        },
        {
          "radius_bin": 10,
          "orbits": 34,
          "scalar_amplitude_fraction": 0.06614785992217899,
          "physical_energy_share": 0.007973776178397111,
          "zero_x0_target_share": 0.007646115535830091,
          "zero_velocity_target_share": 0.03689698682859837,
          "inverse_jacobian_sq_share": 0.06946727925872202,
          "coordinate_metric_sq_share": 0.05052786778432041,
          "standardized_mean": -0.06315536051988602,
          "standardized_std": 0.33406987433268487
        },
        {
          "radius_bin": 11,
          "orbits": 32,
          "scalar_amplitude_fraction": 0.0622568093385214,
          "physical_energy_share": 0.005759560222860255,
          "zero_x0_target_share": 0.0067363884160181586,
          "zero_velocity_target_share": 0.034496605674228645,
          "inverse_jacobian_sq_share": 0.061574707865942345,
          "coordinate_metric_sq_share": 0.050622720615796694,
          "standardized_mean": -0.12380065768957138,
          "standardized_std": 0.3047566872172361
        },
        {
          "radius_bin": 12,
          "orbits": 40,
          "scalar_amplitude_fraction": 0.07782101167315175,
          "physical_energy_share": 0.004839901039746161,
          "zero_x0_target_share": 0.008400343506809339,
          "zero_velocity_target_share": 0.04311067886580278,
          "inverse_jacobian_sq_share": 0.07078834787642997,
          "coordinate_metric_sq_share": 0.06882394333422306,
          "standardized_mean": -0.1985616832971573,
          "standardized_std": 0.2617588115755334
        },
        {
          "radius_bin": 13,
          "orbits": 46,
          "scalar_amplitude_fraction": 0.08949416342412451,
          "physical_energy_share": 0.0038728922800088405,
          "zero_x0_target_share": 0.010795161519130998,
          "zero_velocity_target_share": 0.05014466116372641,
          "inverse_jacobian_sq_share": 0.07496944345501388,
          "coordinate_metric_sq_share": 0.08612747765914847,
          "standardized_mean": -0.2602047324180603,
          "standardized_std": 0.23003847230655747
        },
        {
          "radius_bin": 14,
          "orbits": 44,
          "scalar_amplitude_fraction": 0.08560311284046693,
          "physical_energy_share": 0.002892207931352236,
          "zero_x0_target_share": 0.011867219925421531,
          "zero_velocity_target_share": 0.048735172583344526,
          "inverse_jacobian_sq_share": 0.06685771148899525,
          "coordinate_metric_sq_share": 0.08878121835871057,
          "standardized_mean": -0.3039754629135132,
          "standardized_std": 0.21501068669222423
        },
        {
          "radius_bin": 15,
          "orbits": 48,
          "scalar_amplitude_fraction": 0.0933852140077821,
          "physical_energy_share": 0.0024195487606466248,
          "zero_x0_target_share": 0.014634352707522698,
          "zero_velocity_target_share": 0.05400978382034915,
          "inverse_jacobian_sq_share": 0.06795387836686533,
          "coordinate_metric_sq_share": 0.10439953529066706,
          "standardized_mean": -0.3429625332355499,
          "standardized_std": 0.19770240542617154
        },
        {
          "radius_bin": 16,
          "orbits": 38,
          "scalar_amplitude_fraction": 0.07392996108949416,
          "physical_energy_share": 0.0012757104735604547,
          "zero_x0_target_share": 0.012901252431906615,
          "zero_velocity_target_share": 0.04341560754965029,
          "inverse_jacobian_sq_share": 0.04964988973894768,
          "coordinate_metric_sq_share": 0.11390350485736228,
          "standardized_mean": -0.38213419914245605,
          "standardized_std": 0.16875971793397837
        },
        {
          "radius_bin": 17,
          "orbits": 30,
          "scalar_amplitude_fraction": 0.058365758754863814,
          "physical_energy_share": 0.0003205139821248481,
          "zero_x0_target_share": 0.012182641253242543,
          "zero_velocity_target_share": 0.035274203811556666,
          "inverse_jacobian_sq_share": 0.03363798683815525,
          "coordinate_metric_sq_share": 0.08103715204078128,
          "standardized_mean": -0.4472086727619171,
          "standardized_std": 0.09345375715293179
        },
        {
          "radius_bin": 18,
          "orbits": 18,
          "scalar_amplitude_fraction": 0.03501945525291829,
          "physical_energy_share": 0.00012516609601691945,
          "zero_x0_target_share": 0.008080646583171206,
          "zero_velocity_target_share": 0.021550054088849163,
          "inverse_jacobian_sq_share": 0.01846893062003884,
          "coordinate_metric_sq_share": 0.05314755568179004,
          "standardized_mean": -0.473781555891037,
          "standardized_std": 0.0792361690719358
        },
        {
          "radius_bin": 19,
          "orbits": 16,
          "scalar_amplitude_fraction": 0.0311284046692607,
          "physical_energy_share": 6.806608981054088e-05,
          "zero_x0_target_share": 0.007890116832846952,
          "zero_velocity_target_share": 0.019509260749627805,
          "inverse_jacobian_sq_share": 0.014813898967116233,
          "coordinate_metric_sq_share": 0.05244029453565138,
          "standardized_mean": -0.4991392195224762,
          "standardized_std": 0.06580313293454759
        },
        {
          "radius_bin": 20,
          "orbits": 8,
          "scalar_amplitude_fraction": 0.01556420233463035,
          "physical_energy_share": 2.5431654024904232e-05,
          "zero_x0_target_share": 0.004147873348330091,
          "zero_velocity_target_share": 0.00985603784734357,
          "inverse_jacobian_sq_share": 0.006929856304028273,
          "coordinate_metric_sq_share": 0.028114554972199633,
          "standardized_mean": -0.5127748250961304,
          "standardized_std": 0.05968928084535152
        },
        {
          "radius_bin": 21,
          "orbits": 6,
          "scalar_amplitude_fraction": 0.011673151750972763,
          "physical_energy_share": 1.2579198223505379e-05,
          "zero_x0_target_share": 0.003288804363245785,
          "zero_velocity_target_share": 0.007480978415595228,
          "inverse_jacobian_sq_share": 0.004767675647000738,
          "coordinate_metric_sq_share": 0.02298677987072318,
          "standardized_mean": -0.5283534526824951,
          "standardized_std": 0.05082813680285801
        },
        {
          "radius_bin": 22,
          "orbits": 1,
          "scalar_amplitude_fraction": 0.0019455252918287938,
          "physical_energy_share": 8.969188832607048e-07,
          "zero_x0_target_share": 0.0006122798617866407,
          "zero_velocity_target_share": 0.0012789026597456329,
          "inverse_jacobian_sq_share": 0.0006066517500270007,
          "coordinate_metric_sq_share": 0.03281783841605926,
          "standardized_mean": -0.5594033598899841,
          "standardized_std": 0.042185906082430384
        }
      ],
      "cumulative_radius_0_2": {
        "scalar_amplitude_fraction": 0.02529182879377432,
        "physical_energy_share": 0.7630324240488506,
        "zero_x0_target_share": 0.6741502918287938,
        "zero_velocity_target_share": 0.3497210829909911,
        "inverse_jacobian_sq_share": 0.07297147995984171,
        "coordinate_metric_sq_share": 0.007393447010304929
      },
      "cumulative_radius_0_5": {
        "scalar_amplitude_fraction": 0.10700389105058367,
        "physical_energy_share": 0.9081635748701457,
        "zero_x0_target_share": 0.8341397859922179,
        "zero_velocity_target_share": 0.4705718730915611,
        "inverse_jacobian_sq_share": 0.21762318349871979,
        "coordinate_metric_sq_share": 0.044832122243242845
      }
    }
  ],
  "interpretation": {
    "coordinate_metric_sq": "Local weight placed on a unit physical amplitude error by flat MSE in the standardized transform coordinate: (f'(a)/std(f))^2.",
    "inverse_jacobian_sq": "Physical amplitude error caused by a unit standardized-coordinate error: (std(f)/f'(a))^2. This is the radial factor entering a Cartesian endpoint loss before its residual term.",
    "support_probability": "Probability that a standard-Gaussian decoder state lies below the exact inverse transform's physical lower bound."
  }
}
